company_name,event_name,event_relevance_score,date_updated
to content,International Sign Association (ISA),9.0,2025-04-02 21:03:42
News,International Sign Association (ISA),9.0,2025-04-02 21:03:42
ISA Sign Expo,International Sign Association (ISA),9.0,2025-04-02 21:03:42
The Link,International Sign Association (ISA),9.0,2025-04-02 21:03:42
ISA Install,International Sign Association (ISA),9.0,2025-04-02 21:03:42
Sign MFG Day,International Sign Association (ISA),9.0,2025-04-02 21:03:42
Women Leading the Industry WLI,International Sign Association (ISA),9.0,2025-04-02 21:03:42
ISA Converge,International Sign Association (ISA),9.0,2025-04-02 21:03:42
SRF LUNCH & LEARN SERIES,International Sign Association (ISA),9.0,2025-04-02 21:03:42
Webinars,International Sign Association (ISA),9.0,2025-04-02 21:03:42
Online Learning,International Sign Association (ISA),9.0,2025-04-02 21:03:42
Industry Insights,International Sign Association (ISA),9.0,2025-04-02 21:03:42
Manufacturing,International Sign Association (ISA),9.0,2025-04-02 21:03:42
Administrative,International Sign Association (ISA),9.0,2025-04-02 21:03:42
Manufacturing -OLD,International Sign Association (ISA),9.0,2025-04-02 21:03:42
Administrative -OLD,International Sign Association (ISA),9.0,2025-04-02 21:03:42
All Topics,International Sign Association (ISA),9.0,2025-04-02 21:03:42
Post or Find a Job,International Sign Association (ISA),9.0,2025-04-02 21:03:42
Hiring,International Sign Association (ISA),9.0,2025-04-02 21:03:42
Installation & Maintenance OLD,International Sign Association (ISA),9.0,2025-04-02 21:03:42
Marketing OLD,International Sign Association (ISA),9.0,2025-04-02 21:03:42
Sales OLD,International Sign Association (ISA),9.0,2025-04-02 21:03:42
OLD,International Sign Association (ISA),9.0,2025-04-02 21:03:42
Health & Safety OLD,International Sign Association (ISA),9.0,2025-04-02 21:03:42
Digital Signage & Interactive Media,International Sign Association (ISA),9.0,2025-04-02 21:03:42
Print OLD,International Sign Association (ISA),9.0,2025-04-02 21:03:42
Design OLD,International Sign Association (ISA),9.0,2025-04-02 21:03:42
Resources & Training,International Sign Association (ISA),9.0,2025-04-02 21:03:42
Signs 101,International Sign Association (ISA),9.0,2025-04-02 21:03:42
1-on-1 Expert Assistance,International Sign Association (ISA),9.0,2025-04-02 21:03:42
Technical Codes & Standards,International Sign Association (ISA),9.0,2025-04-02 21:03:42
Sign Code Development,International Sign Association (ISA),9.0,2025-04-02 21:03:42
Federal Regulations,International Sign Association (ISA),9.0,2025-04-02 21:03:42
Issues,International Sign Association (ISA),9.0,2025-04-02 21:03:42
Industry News,International Sign Association (ISA),9.0,2025-04-02 21:03:42
ISA Member Hub,International Sign Association (ISA),9.0,2025-04-02 21:03:42
ISA Only,International Sign Association (ISA),9.0,2025-04-02 21:03:42
Size & Scope,International Sign Association (ISA),9.0,2025-04-02 21:03:42
Statistics,International Sign Association (ISA),9.0,2025-04-02 21:03:42
Strategic Insights,International Sign Association (ISA),9.0,2025-04-02 21:03:42
& Benefits,International Sign Association (ISA),9.0,2025-04-02 21:03:42
Design,International Sign Association (ISA),9.0,2025-04-02 21:03:42
General Business,International Sign Association (ISA),9.0,2025-04-02 21:03:42
Regulatory & Sign Codes,International Sign Association (ISA),9.0,2025-04-02 21:03:42
Sales & Marketing,International Sign Association (ISA),9.0,2025-04-02 21:03:42
Electronic & Digital Displays,International Sign Association (ISA),9.0,2025-04-02 21:03:42
Installation & Maintenance,International Sign Association (ISA),9.0,2025-04-02 21:03:42
Manufacturing & Fabrication,International Sign Association (ISA),9.0,2025-04-02 21:03:42
Print & Wrap,International Sign Association (ISA),9.0,2025-04-02 21:03:42
National Association of Sign Supply,International Sign Association (ISA),9.0,2025-04-02 21:03:42
Executive Summit & Annual Meeting,International Sign Association (ISA),9.0,2025-04-02 21:03:42
2024 General Session,International Sign Association (ISA),9.0,2025-04-02 21:03:42
Advocacy Update,International Sign Association (ISA),9.0,2025-04-02 21:03:42
Member Companies,International Sign Association (ISA),9.0,2025-04-02 21:03:42
How-To-Videos,International Sign Association (ISA),9.0,2025-04-02 21:03:42
Watch Industry Awareness,International Sign Association (ISA),9.0,2025-04-02 21:03:42
Utah Sign Association Annual Meetin,International Sign Association (ISA),9.0,2025-04-02 21:03:42
Utah Sign Association Golf Tourname,International Sign Association (ISA),9.0,2025-04-02 21:03:42
Northwest Sign Council Holiday Mixe,International Sign Association (ISA),9.0,2025-04-02 21:03:42
Local Sign Code Guidance,International Sign Association (ISA),9.0,2025-04-02 21:03:42
Sign Industry,International Sign Association (ISA),9.0,2025-04-02 21:03:42
Facebook-f,International Sign Association (ISA),9.0,2025-04-02 21:03:42
Linkedin-in,International Sign Association (ISA),9.0,2025-04-02 21:03:42
Instagram,International Sign Association (ISA),9.0,2025-04-02 21:03:42
Youtube,International Sign Association (ISA),9.0,2025-04-02 21:03:42
44i,International Sign Association (ISA),9.0,2025-04-02 21:03:42
ISA Staff,International Sign Association (ISA),9.0,2025-04-02 21:03:46
Leadership & Volunteers,International Sign Association (ISA),9.0,2025-04-02 21:03:46
Steering Committees,International Sign Association (ISA),9.0,2025-04-02 21:03:46
Program Committees,International Sign Association (ISA),9.0,2025-04-02 21:03:46
ISA Leadership Recommendation,International Sign Association (ISA),9.0,2025-04-02 21:03:46
Affiliated Associations,International Sign Association (ISA),9.0,2025-04-02 21:03:46
ISA Elite,International Sign Association (ISA),9.0,2025-04-02 21:03:46
2025 Class of ISA Elite,International Sign Association (ISA),9.0,2025-04-02 21:03:46
ISA Elite Alumni,International Sign Association (ISA),9.0,2025-04-02 21:03:46
ISA Experiential Design Program XDP,International Sign Association (ISA),9.0,2025-04-02 21:03:46
The Wrap Institute Partnership,International Sign Association (ISA),9.0,2025-04-02 21:03:46
Press Releases,International Sign Association (ISA),9.0,2025-04-02 21:03:46
Weekly E,International Sign Association (ISA),9.0,2025-04-02 21:03:46
Media Partners,International Sign Association (ISA),9.0,2025-04-02 21:03:46
Subscribe,International Sign Association (ISA),9.0,2025-04-02 21:03:46
Posted,International Sign Association (ISA),9.0,2025-04-02 21:03:46
Signaramas franchise owners to bene,International Sign Association (ISA),9.0,2025-04-02 21:03:46
"ISA training, advocacy, and other v",International Sign Association (ISA),9.0,2025-04-02 21:03:46
"ALEXANDRIA VA March 11, 2025",International Sign Association (ISA),9.0,2025-04-02 21:03:46
Among the many benefits Signaramas,International Sign Association (ISA),9.0,2025-04-02 21:03:46
Resources,International Sign Association (ISA),9.0,2025-04-02 21:03:46
ISAs Lori Anderson Named Associatio,International Sign Association (ISA),9.0,2025-04-02 21:03:46
Now Open ISA Community and Company,International Sign Association (ISA),9.0,2025-04-02 21:03:46
Summer Savings on ISA Job Postings,International Sign Association (ISA),9.0,2025-04-02 21:03:46
Key Connections for Long-Term Busin,International Sign Association (ISA),9.0,2025-04-02 21:03:46
Economic Outlook for 2022 Looks to,International Sign Association (ISA),9.0,2025-04-02 21:03:46
Join Local Sign Associations,International Sign Association (ISA),9.0,2025-04-02 21:03:50
Connect with your colleagues,International Sign Association (ISA),9.0,2025-04-02 21:04:01
Update your team roster,International Sign Association (ISA),9.0,2025-04-02 21:04:01
Oversee team member access and perm,International Sign Association (ISA),9.0,2025-04-02 21:04:01
Signs,International Sign Association (ISA),9.0,2025-04-02 21:04:01
First-Time Users,International Sign Association (ISA),9.0,2025-04-02 21:04:01
Returning Users,International Sign Association (ISA),9.0,2025-04-02 21:04:01
Reset Password,International Sign Association (ISA),9.0,2025-04-02 21:04:01
Registration and Purchases,International Sign Association (ISA),9.0,2025-04-02 21:04:01
Managing a Company,International Sign Association (ISA),9.0,2025-04-02 21:04:01
Not a member,International Sign Association (ISA),9.0,2025-04-02 21:04:01
Wholesale Trade Show Displays,Specialty Graphic Imaging Association (SGIA),9.0,2025-04-02 21:04:09
Retractables,Specialty Graphic Imaging Association (SGIA),9.0,2025-04-02 21:04:09
Fabric Displays,Specialty Graphic Imaging Association (SGIA),9.0,2025-04-02 21:04:09
Flags,Specialty Graphic Imaging Association (SGIA),9.0,2025-04-02 21:04:09
Tents,Specialty Graphic Imaging Association (SGIA),9.0,2025-04-02 21:04:09
Resort Extrusions,Specialty Graphic Imaging Association (SGIA),9.0,2025-04-02 21:04:09
Table Throws,Specialty Graphic Imaging Association (SGIA),9.0,2025-04-02 21:04:09
One Choice Displays,Specialty Graphic Imaging Association (SGIA),9.0,2025-04-02 21:04:09
900am - 500pm PST,Specialty Graphic Imaging Association (SGIA),9.0,2025-04-02 21:04:09
Sgia,Specialty Graphic Imaging Association (SGIA),9.0,2025-04-02 21:04:09
Mythem,Specialty Graphic Imaging Association (SGIA),9.0,2025-04-02 21:04:09
Programs,Association for PRINT Technologies,8.0,2025-04-02 21:04:12
Standards,Association for PRINT Technologies,8.0,2025-04-02 21:04:12
Whattheythink,Association for PRINT Technologies,8.0,2025-04-02 21:04:12
protected,Association for PRINT Technologies,8.0,2025-04-02 21:04:12
to main content,American Advertising Federation (AAF),7.0,2025-04-02 21:04:14
iMIS,American Advertising Federation (AAF),7.0,2025-04-02 21:04:14
Create,American Advertising Federation (AAF),7.0,2025-04-02 21:04:14
Join AAF,American Advertising Federation (AAF),7.0,2025-04-02 21:04:14
Toggle,American Advertising Federation (AAF),7.0,2025-04-02 21:04:14
Toggle navigation,American Advertising Federation (AAF),7.0,2025-04-02 21:04:14
AAF,American Advertising Federation (AAF),7.0,2025-04-02 21:04:14
Instagram,American Advertising Federation (AAF),7.0,2025-04-02 21:04:14
LinkedIn,American Advertising Federation (AAF),7.0,2025-04-02 21:04:14
Facebook,American Advertising Federation (AAF),7.0,2025-04-02 21:04:14
Twitter,American Advertising Federation (AAF),7.0,2025-04-02 21:04:14
Threads,American Advertising Federation (AAF),7.0,2025-04-02 21:04:14
Join Logo,American Advertising Federation (AAF),7.0,2025-04-02 21:04:14
National Student Advertising Compet,American Advertising Federation (AAF),7.0,2025-04-02 21:04:14
Our of,American Advertising Federation (AAF),7.0,2025-04-02 21:04:14
Member Benefits,American Advertising Federation (AAF),7.0,2025-04-02 21:04:14
Insights from the President & CEO,American Advertising Federation (AAF),7.0,2025-04-02 21:04:14
American Advertising Federation,American Advertising Federation (AAF),7.0,2025-04-02 21:04:14
Become a Member,American Advertising Federation (AAF),7.0,2025-04-02 21:04:14
Press Releases,American Advertising Federation (AAF),7.0,2025-04-02 21:04:14
Website Feedback,American Advertising Federation (AAF),7.0,2025-04-02 21:04:14
AAF Support,American Advertising Federation (AAF),7.0,2025-04-02 21:04:14
LOCOK,American Advertising Federation (AAF),7.0,2025-04-02 21:04:14
LOCCancel,American Advertising Federation (AAF),7.0,2025-04-02 21:04:14
ADMERICA,American Advertising Federation (AAF),7.0,2025-04-02 21:04:15
Advertising Hall of Achievement,American Advertising Federation (AAF),7.0,2025-04-02 21:04:15
Advertising Hall of Fame,American Advertising Federation (AAF),7.0,2025-04-02 21:04:15
AAFs Career Center,American Advertising Federation (AAF),7.0,2025-04-02 21:04:15
Ovation Awards Competition,American Advertising Federation (AAF),7.0,2025-04-02 21:04:15
Silver Medal Award,American Advertising Federation (AAF),7.0,2025-04-02 21:04:15
Barton A. Cummings Gold Medal Award,American Advertising Federation (AAF),7.0,2025-04-02 21:04:15
American Advertising Awards,American Advertising Federation (AAF),7.0,2025-04-02 21:04:15
Join Your Local Professional Chapte,American Advertising Federation (AAF),7.0,2025-04-02 21:04:15
Ad 2,American Advertising Federation (AAF),7.0,2025-04-02 21:04:15
Ad 2 Chapters,American Advertising Federation (AAF),7.0,2025-04-02 21:04:15
Join Your Local Ad 2 Chapter,American Advertising Federation (AAF),7.0,2025-04-02 21:04:15
Student Advertising Career Conferen,American Advertising Federation (AAF),7.0,2025-04-02 21:04:15
Recruiter Insight Sessions,American Advertising Federation (AAF),7.0,2025-04-02 21:04:15
Most Promising Multicultural Studen,American Advertising Federation (AAF),7.0,2025-04-02 21:04:15
Mosaic Awards,American Advertising Federation (AAF),7.0,2025-04-02 21:04:15
Alpha Delta Sigma Honor Society,American Advertising Federation (AAF),7.0,2025-04-02 21:04:15
Campus-to-Corporate Internship Prog,American Advertising Federation (AAF),7.0,2025-04-02 21:04:15
Join Your Local College Chapter,American Advertising Federation (AAF),7.0,2025-04-02 21:04:15
to Start A Chapter,American Advertising Federation (AAF),7.0,2025-04-02 21:04:15
Ad 2 National Executive Committee,American Advertising Federation (AAF),7.0,2025-04-02 21:04:15
Corporate Member Committee,American Advertising Federation (AAF),7.0,2025-04-02 21:04:15
Council of Governors,American Advertising Federation (AAF),7.0,2025-04-02 21:04:15
National Education Executive Counci,American Advertising Federation (AAF),7.0,2025-04-02 21:04:15
Visiting,Sign & Digital UK 2025,9.0,2025-04-02 21:04:17
Co-location with P&P LIVE,Sign & Digital UK 2025,9.0,2025-04-02 21:04:17
2025 Gallery,Sign & Digital UK 2025,9.0,2025-04-02 21:04:17
Opening Times,Sign & Digital UK 2025,9.0,2025-04-02 21:04:17
Venue NEC Birmingham,Sign & Digital UK 2025,9.0,2025-04-02 21:04:17
Accommodation,Sign & Digital UK 2025,9.0,2025-04-02 21:04:17
Car Parking at the NEC,Sign & Digital UK 2025,9.0,2025-04-02 21:04:17
2025 Visitor,Sign & Digital UK 2025,9.0,2025-04-02 21:04:17
& Conditions,Sign & Digital UK 2025,9.0,2025-04-02 21:04:17
Show Features,Sign & Digital UK 2025,9.0,2025-04-02 21:04:17
Hexis Wrap Battle,Sign & Digital UK 2025,9.0,2025-04-02 21:04:17
The Explains Lounge in partnership,Sign & Digital UK 2025,9.0,2025-04-02 21:04:17
The Sign Makers Workshop,Sign & Digital UK 2025,9.0,2025-04-02 21:04:17
printMAX Personalisation Zone,Sign & Digital UK 2025,9.0,2025-04-02 21:04:17
Exhibitors,Sign & Digital UK 2025,9.0,2025-04-02 21:04:17
A-Z Exhibitor List,Sign & Digital UK 2025,9.0,2025-04-02 21:04:17
Floor Plan,Sign & Digital UK 2025,9.0,2025-04-02 21:04:17
Exhibiting,Sign & Digital UK 2025,9.0,2025-04-02 21:04:17
Why Exhibit,Sign & Digital UK 2025,9.0,2025-04-02 21:04:17
Stand Costs & Packages,Sign & Digital UK 2025,9.0,2025-04-02 21:04:17
Stand Enquiry,Sign & Digital UK 2025,9.0,2025-04-02 21:04:17
Exhibitor,Sign & Digital UK 2025,9.0,2025-04-02 21:04:17
Build-Up & Breakdown Timetable,Sign & Digital UK 2025,9.0,2025-04-02 21:04:17
Latest News,Sign & Digital UK 2025,9.0,2025-04-02 21:04:17
Sponsors & Partners,Sign & Digital UK 2025,9.0,2025-04-02 21:04:17
Sponsoring Journals,Sign & Digital UK 2025,9.0,2025-04-02 21:04:17
Industry Partners,Sign & Digital UK 2025,9.0,2025-04-02 21:04:17
"Katie Farr, marketing and communica",Sign & Digital UK 2025,9.0,2025-04-02 21:04:17
"Linda Edwards, managing director, B",Sign & Digital UK 2025,9.0,2025-04-02 21:04:17
"Scott Clutton, managing director, C",Sign & Digital UK 2025,9.0,2025-04-02 21:04:17
"Anthony Shelmerdine, product specia",Sign & Digital UK 2025,9.0,2025-04-02 21:04:17
"Kate Harris, marketing manager, Eur",Sign & Digital UK 2025,9.0,2025-04-02 21:04:17
"Andy Gregory, sales director, Hybri",Sign & Digital UK 2025,9.0,2025-04-02 21:04:17
"Joey Kim, managing director, InkTec",Sign & Digital UK 2025,9.0,2025-04-02 21:04:17
"Colin Sinclair McDermott, The Onlin",Sign & Digital UK 2025,9.0,2025-04-02 21:04:17
"Lizzie Dodd, assistant marketing ma",Sign & Digital UK 2025,9.0,2025-04-02 21:04:17
"Chris Bailey, managing director, Qu",Sign & Digital UK 2025,9.0,2025-04-02 21:04:17
"Rob Goleniowski, head of sales, UK",Sign & Digital UK 2025,9.0,2025-04-02 21:04:17
"Sarah Fenna, sales director, Soyang",Sign & Digital UK 2025,9.0,2025-04-02 21:04:17
"Garrick Dartnell, head of marketing",Sign & Digital UK 2025,9.0,2025-04-02 21:04:17
"Kirsty Corcoran, marketing manager,",Sign & Digital UK 2025,9.0,2025-04-02 21:04:17
What a show,Sign & Digital UK 2025,9.0,2025-04-02 21:04:17
Doors open on Sunday,Sign & Digital UK 2025,9.0,2025-04-02 21:04:17
L&M Imaging to demonstrate latest d,Sign & Digital UK 2025,9.0,2025-04-02 21:04:17
Spotlight on lightboxes on Very Dis,Sign & Digital UK 2025,9.0,2025-04-02 21:04:17
Facebook,Sign & Digital UK 2025,9.0,2025-04-02 21:04:17
Instagram,Sign & Digital UK 2025,9.0,2025-04-02 21:04:17
LinkedIn,Sign & Digital UK 2025,9.0,2025-04-02 21:04:17
Website & Conditions,Sign & Digital UK 2025,9.0,2025-04-02 21:04:17
here,Sign & Digital UK 2025,9.0,2025-04-02 21:04:17
Impressions Magazine,Impressions Expo (Long Beach),7.5,2025-04-02 21:04:22
Advertise,Impressions Expo (Long Beach),7.5,2025-04-02 21:04:22
Subscribe,Impressions Expo (Long Beach),7.5,2025-04-02 21:04:22
Impressions Expo,Impressions Expo (Long Beach),7.5,2025-04-02 21:04:22
Long Beach,Impressions Expo (Long Beach),7.5,2025-04-02 21:04:22
Atlantic City,Impressions Expo (Long Beach),7.5,2025-04-02 21:04:22
Texas,Impressions Expo (Long Beach),7.5,2025-04-02 21:04:22
SHOW,Impressions Expo (Long Beach),7.5,2025-04-02 21:04:22
Schedule,Impressions Expo (Long Beach),7.5,2025-04-02 21:04:22
Exhibitor List & Floor Plan,Impressions Expo (Long Beach),7.5,2025-04-02 21:04:22
Sponsors,Impressions Expo (Long Beach),7.5,2025-04-02 21:04:22
ATTEND,Impressions Expo (Long Beach),7.5,2025-04-02 21:04:22
Why Attend,Impressions Expo (Long Beach),7.5,2025-04-02 21:04:22
Registration & Pricing,Impressions Expo (Long Beach),7.5,2025-04-02 21:04:22
Registration Service Center,Impressions Expo (Long Beach),7.5,2025-04-02 21:04:22
EXHIBIT,Impressions Expo (Long Beach),7.5,2025-04-02 21:04:22
Why Exhibit,Impressions Expo (Long Beach),7.5,2025-04-02 21:04:22
Exhibit Inquire,Impressions Expo (Long Beach),7.5,2025-04-02 21:04:22
Advertising and Sponsorship,Impressions Expo (Long Beach),7.5,2025-04-02 21:04:22
Exhibitor Resource Center,Impressions Expo (Long Beach),7.5,2025-04-02 21:04:22
CONFERENCE,Impressions Expo (Long Beach),7.5,2025-04-02 21:04:22
Conference Schedule,Impressions Expo (Long Beach),7.5,2025-04-02 21:04:22
Conference Speakers,Impressions Expo (Long Beach),7.5,2025-04-02 21:04:22
Speaker Resource Center,Impressions Expo (Long Beach),7.5,2025-04-02 21:04:22
Shop Talk,Impressions Expo (Long Beach),7.5,2025-04-02 21:04:22
HOTEL & TRAVEL,Impressions Expo (Long Beach),7.5,2025-04-02 21:04:22
Hotel Reservations,Impressions Expo (Long Beach),7.5,2025-04-02 21:04:22
IE Long Beach,Impressions Expo (Long Beach),7.5,2025-04-02 21:04:22
IE Atlantic City,Impressions Expo (Long Beach),7.5,2025-04-02 21:04:22
IE Texas,Impressions Expo (Long Beach),7.5,2025-04-02 21:04:22
MEDIA,Impressions Expo (Long Beach),7.5,2025-04-02 21:04:22
SUBSCRIBE,Impressions Expo (Long Beach),7.5,2025-04-02 21:04:22
IMP Subscribe,Impressions Expo (Long Beach),7.5,2025-04-02 21:04:22
LONG BEACH,Impressions Expo (Long Beach),7.5,2025-04-02 21:04:22
Show Schedule,Impressions Expo (Long Beach),7.5,2025-04-02 21:04:22
INQUIRE TO ATTEND,Impressions Expo (Long Beach),7.5,2025-04-02 21:04:22
EXHIBIT INQUIRE,Impressions Expo (Long Beach),7.5,2025-04-02 21:04:22
protected,Impressions Expo (Long Beach),7.5,2025-04-02 21:04:22
not substitute,Impressions Expo (Long Beach),7.5,2025-04-02 21:04:22
here,Impressions Expo (Long Beach),7.5,2025-04-02 21:04:22
website,Impressions Expo (Long Beach),7.5,2025-04-02 21:04:22
IMPRESSIONS MAGAZINE,Impressions Expo (Long Beach),7.5,2025-04-02 21:04:22
Read Online,Impressions Expo (Long Beach),7.5,2025-04-02 21:04:22
SUSTAINABILITY,Impressions Expo (Long Beach),7.5,2025-04-02 21:04:22
FOLLOW US ON,Impressions Expo (Long Beach),7.5,2025-04-02 21:04:22
Follow,Impressions Expo (Long Beach),7.5,2025-04-02 21:04:22
"Emerald X, LLC.",Impressions Expo (Long Beach),7.5,2025-04-02 21:04:22
AUTHORIZED SERVICE PROVIDERS,Impressions Expo (Long Beach),7.5,2025-04-02 21:04:22
Your Choices,Impressions Expo (Long Beach),7.5,2025-04-02 21:04:22
OF USE,Impressions Expo (Long Beach),7.5,2025-04-02 21:04:22
Apply to exhibit now,Impressions Expo (Long Beach),7.5,2025-04-02 21:04:25
View Prospectus,Impressions Expo (Long Beach),7.5,2025-04-02 21:04:25
Exhibitor Service Manual,Impressions Expo (Long Beach),7.5,2025-04-02 21:04:26
"itical dates and deadlines, b",Impressions Expo (Long Beach),7.5,2025-04-02 21:04:26
"ooth furnishings, s",Impressions Expo (Long Beach),7.5,2025-04-02 21:04:26
"ead retrieval, booth r",Impressions Expo (Long Beach),7.5,2025-04-02 21:04:26
ules and guidelines and more.,Impressions Expo (Long Beach),7.5,2025-04-02 21:04:26
Coming Soon,Impressions Expo (Long Beach),7.5,2025-04-02 21:04:26
Profile Manager,Impressions Expo (Long Beach),7.5,2025-04-02 21:04:26
In the profile manager you can,Impressions Expo (Long Beach),7.5,2025-04-02 21:04:26
Update your product categories and,Impressions Expo (Long Beach),7.5,2025-04-02 21:04:26
Purchase digital upgrades to your o,Impressions Expo (Long Beach),7.5,2025-04-02 21:04:26
Get Started,Impressions Expo (Long Beach),7.5,2025-04-02 21:04:26
Badge Registration,Impressions Expo (Long Beach),7.5,2025-04-02 21:04:26
Promote Your Presence,Impressions Expo (Long Beach),7.5,2025-04-02 21:04:26
Promotional Tools,Impressions Expo (Long Beach),7.5,2025-04-02 21:04:26
Show App Lead Retrieval,Impressions Expo (Long Beach),7.5,2025-04-02 21:04:26
Advertising & Sponsorships,Impressions Expo (Long Beach),7.5,2025-04-02 21:04:26
View Sponsorships,Impressions Expo (Long Beach),7.5,2025-04-02 21:04:26
"Thursday, January 23, 1000 am 500 p",Impressions Expo (Long Beach),7.5,2025-04-02 21:04:26
"Friday, January 24, 1000 am 500 pm",Impressions Expo (Long Beach),7.5,2025-04-02 21:04:26
"Saturday, January 25, 1000 am 300 p",Impressions Expo (Long Beach),7.5,2025-04-02 21:04:26
"Tuesday, January 21, 800 am 500 pm",Impressions Expo (Long Beach),7.5,2025-04-02 21:04:26
"Wednesday, January 22, 800 am 500 p",Impressions Expo (Long Beach),7.5,2025-04-02 21:04:26
"Saturday, January 25, 300 pm 1000 p",Impressions Expo (Long Beach),7.5,2025-04-02 21:04:26
"Sunday, January 25, 800 am 1200 pm",Impressions Expo (Long Beach),7.5,2025-04-02 21:04:26
Book Your Hotel,Impressions Expo (Long Beach),7.5,2025-04-02 21:04:26
Impressions Expo Long Beach Vendors,Impressions Expo (Long Beach),7.5,2025-04-02 21:04:26
Your listing will be pulled from yo,Impressions Expo (Long Beach),7.5,2025-04-02 21:04:26
Print,Impressions Expo (Long Beach),7.5,2025-04-02 21:04:27
Digital,Impressions Expo (Long Beach),7.5,2025-04-02 21:04:27
Onsite,Impressions Expo (Long Beach),7.5,2025-04-02 21:04:27
Digital and Online Floor Plan Upgra,Impressions Expo (Long Beach),7.5,2025-04-02 21:04:27
In-Line 728 x 90,Impressions Expo (Long Beach),7.5,2025-04-02 21:04:27
Anchor 728x90,Impressions Expo (Long Beach),7.5,2025-04-02 21:04:27
Countdown Clock,Impressions Expo (Long Beach),7.5,2025-04-02 21:04:27
Attendee Updates,Impressions Expo (Long Beach),7.5,2025-04-02 21:04:27
Custom Blast,Impressions Expo (Long Beach),7.5,2025-04-02 21:04:27
Registration Sponsorship Exclusive,Impressions Expo (Long Beach),7.5,2025-04-02 21:04:27
Impressions Expo Mobile App Sponsor,Impressions Expo (Long Beach),7.5,2025-04-02 21:04:27
Aisle Danglers,Impressions Expo (Long Beach),7.5,2025-04-02 21:04:27
Badge Sponsor Exclusive,Impressions Expo (Long Beach),7.5,2025-04-02 21:04:27
Column Wraps,Impressions Expo (Long Beach),7.5,2025-04-02 21:04:27
Entrance Unit Exclusive,Impressions Expo (Long Beach),7.5,2025-04-02 21:04:27
Escalator Wraps Multiple Opportunit,Impressions Expo (Long Beach),7.5,2025-04-02 21:04:27
Flyer Distribution Exclusive,Impressions Expo (Long Beach),7.5,2025-04-02 21:04:27
Floor Stickers,Impressions Expo (Long Beach),7.5,2025-04-02 21:04:27
Impressions Expo Happy Hour Exclusi,Impressions Expo (Long Beach),7.5,2025-04-02 21:04:27
Impressions Expo Show Shirt,Impressions Expo (Long Beach),7.5,2025-04-02 21:04:27
Lanyards Exclusive,Impressions Expo (Long Beach),7.5,2025-04-02 21:04:27
Meter,Impressions Expo (Long Beach),7.5,2025-04-02 21:04:27
Publication Bins,Impressions Expo (Long Beach),7.5,2025-04-02 21:04:27
Reusable Water Bottles Exclusive,Impressions Expo (Long Beach),7.5,2025-04-02 21:04:27
Shop Talk Sponsor,Impressions Expo (Long Beach),7.5,2025-04-02 21:04:27
Show Bag Exclusive,Impressions Expo (Long Beach),7.5,2025-04-02 21:04:27
Product Display,Impressions Expo (Long Beach),7.5,2025-04-02 21:04:27
Floorplan Banner Ad,Impressions Expo (Long Beach),7.5,2025-04-02 21:04:27
Floor Plan Booth Logo,Impressions Expo (Long Beach),7.5,2025-04-02 21:04:27
Exclusive Exhibitor List Sponsorshi,Impressions Expo (Long Beach),7.5,2025-04-02 21:04:27
Exclusive Online Floor Plan Sponsor,Impressions Expo (Long Beach),7.5,2025-04-02 21:04:27
Thank You to Our 2025 Impressions E,Impressions Expo (Long Beach),7.5,2025-04-02 21:04:28
View the 2025 Exhibitor List & Floo,Impressions Expo (Long Beach),7.5,2025-04-02 21:04:28
Executive,Impressions Expo (Long Beach),7.5,2025-04-02 21:04:29
"Companies A-F, P-R and T-Z",Impressions Expo (Long Beach),7.5,2025-04-02 21:04:29
Sept,Impressions Expo (Long Beach),7.5,2025-04-02 21:04:31
Oct,Impressions Expo (Long Beach),7.5,2025-04-02 21:04:31
Nov,Impressions Expo (Long Beach),7.5,2025-04-02 21:04:31
Dec,Impressions Expo (Long Beach),7.5,2025-04-02 21:04:31
Jan,Impressions Expo (Long Beach),7.5,2025-04-02 21:04:31
Free,Impressions Expo (Long Beach),7.5,2025-04-02 21:04:31
What is a NONEX,Impressions Expo (Long Beach),7.5,2025-04-02 21:04:31
Sign In,Print UV,8.0,2025-04-02 21:04:35
Back,Print UV,8.0,2025-04-02 21:04:35
Accommodations,Print UV,8.0,2025-04-02 21:04:35
Sponsorship,Print UV,8.0,2025-04-02 21:04:35
Print UV Magazine,Print UV,8.0,2025-04-02 21:04:35
The Only Conference Dedicated to UV,Print UV,8.0,2025-04-02 21:04:35
Scroll,Print UV,8.0,2025-04-02 21:04:35
PRINT UV MAGAZINE,Print UV,8.0,2025-04-02 21:04:35
Agenda & Speakers,Print UV,8.0,2025-04-02 21:04:35
Learn more,Print UV,8.0,2025-04-02 21:04:35
Top 5 Reasons to Attend,Print UV,8.0,2025-04-02 21:04:35
Read the Story,Print UV,8.0,2025-04-02 21:04:35
Wynn properties in Las Vegas,Print UV,8.0,2025-04-02 21:04:35
See the agenda,Print UV,8.0,2025-04-02 21:04:35
News,Print UV,8.0,2025-04-02 21:04:35
Expanding the Gamut The Future of U,Print UV,8.0,2025-04-02 21:04:35
Encore by,Print UV,8.0,2025-04-02 21:04:35
Wynn Resort,Print UV,8.0,2025-04-02 21:04:35
Intro,Print UV,8.0,2025-04-02 21:04:35
Gallery with Text,Print UV,8.0,2025-04-02 21:04:35
Why Attend,Print UV,8.0,2025-04-02 21:04:35
Spotlight1,Print UV,8.0,2025-04-02 21:04:35
Network,Print UV,8.0,2025-04-02 21:04:35
Sponsors,Print UV,8.0,2025-04-02 21:04:35
Basic Sponsors,Print UV,8.0,2025-04-02 21:04:35
Spotlight2,Print UV,8.0,2025-04-02 21:04:35
Latest,Print UV,8.0,2025-04-02 21:04:35
Registration,Print UV,8.0,2025-04-02 21:04:35
"Print UV Productions, Inc.",Print UV,8.0,2025-04-02 21:04:35
"7310 West 52nd Avenue,",Print UV,8.0,2025-04-02 21:04:35
"Arvada, CO, 80002,",Print UV,8.0,2025-04-02 21:04:35
United States,Print UV,8.0,2025-04-02 21:04:35
Hours,Print UV,8.0,2025-04-02 21:04:35
chatsimple,Print UV,8.0,2025-04-02 21:04:35
Three complimentary conference regi,Print UV,8.0,2025-04-02 21:04:35
Option to add 4th conference regist,Print UV,8.0,2025-04-02 21:04:35
Premium company signage displayed i,Print UV,8.0,2025-04-02 21:04:35
Featured signage at all Networking,Print UV,8.0,2025-04-02 21:04:35
Prominent display during Breakfast,Print UV,8.0,2025-04-02 21:04:35
Highlighted Platinum status during,Print UV,8.0,2025-04-02 21:04:35
Exclusive 200 discount code for you,Print UV,8.0,2025-04-02 21:04:35
100 sponsorship credit for each att,Print UV,8.0,2025-04-02 21:04:35
Two complimentary conference regist,Print UV,8.0,2025-04-02 21:04:35
Company signage in break area,Print UV,8.0,2025-04-02 21:04:35
200 discount code for your customer,Print UV,8.0,2025-04-02 21:04:35
Sponsorship Form,Print UV,8.0,2025-04-02 21:04:35
First Name,Print UV,8.0,2025-04-02 21:04:35
Last Name,Print UV,8.0,2025-04-02 21:04:35
Please select a sponsorship level,Print UV,8.0,2025-04-02 21:04:35
Become A Sponsor,Print UV,8.0,2025-04-02 21:04:35
Aptpressdirect,Print UV,8.0,2025-04-02 21:04:35
Benforduv,Print UV,8.0,2025-04-02 21:04:35
Thefoilexperts,Print UV,8.0,2025-04-02 21:04:35
Hubergroup,Print UV,8.0,2025-04-02 21:04:35
Inxinternational,Print UV,8.0,2025-04-02 21:04:35
Ist,Print UV,8.0,2025-04-02 21:04:35
Koenig,Print UV,8.0,2025-04-02 21:04:35
Sunchemical,Print UV,8.0,2025-04-02 21:04:35
Actega,Print UV,8.0,2025-04-02 21:04:35
Cacoatings,Print UV,8.0,2025-04-02 21:04:35
Graphco,Print UV,8.0,2025-04-02 21:04:35
Harris,Print UV,8.0,2025-04-02 21:04:35
Imagineai,Print UV,8.0,2025-04-02 21:04:35
Itwshinemark,Print UV,8.0,2025-04-02 21:04:35
Coldfoil,Print UV,8.0,2025-04-02 21:04:35
Kurzusa,Print UV,8.0,2025-04-02 21:04:35
Lithecusa,Print UV,8.0,2025-04-02 21:04:35
Taktiful,Print UV,8.0,2025-04-02 21:04:35
Zeller,Print UV,8.0,2025-04-02 21:04:35
Sign Up,Print UV,8.0,2025-04-02 21:04:35
We respect your .,Print UV,8.0,2025-04-02 21:04:35
Thank you,Print UV,8.0,2025-04-02 21:04:35
Platinum Sponsors,Print UV,8.0,2025-04-02 21:04:35
Advanced Print Technologies,Print UV,8.0,2025-04-02 21:04:35
Copy of Baldwin Copy,Print UV,8.0,2025-04-02 21:04:35
Eagle Systems,Print UV,8.0,2025-04-02 21:04:35
GEW,Print UV,8.0,2025-04-02 21:04:35
Huber,Print UV,8.0,2025-04-02 21:04:35
INX International,Print UV,8.0,2025-04-02 21:04:35
IST Metz,Print UV,8.0,2025-04-02 21:04:35
Koenig & Bauer,Print UV,8.0,2025-04-02 21:04:35
Sun Chemical,Print UV,8.0,2025-04-02 21:04:35
ACTEGA,Print UV,8.0,2025-04-02 21:04:35
Coatings and Adhesives Corporation,Print UV,8.0,2025-04-02 21:04:35
Harris & Bruno,Print UV,8.0,2025-04-02 21:04:35
IMAGINE AI,Print UV,8.0,2025-04-02 21:04:35
ITW,Print UV,8.0,2025-04-02 21:04:35
K Laser,Print UV,8.0,2025-04-02 21:04:35
KURZ USA,Print UV,8.0,2025-04-02 21:04:35
Lithec USA,Print UV,8.0,2025-04-02 21:04:35
Taktiful Software,Print UV,8.0,2025-04-02 21:04:35
"Quartz lamps, Inc.",Print UV,8.0,2025-04-02 21:04:35
Victory Lighting,Print UV,8.0,2025-04-02 21:04:35
ZellerGmelin Corporation,Print UV,8.0,2025-04-02 21:04:35
Announcement,Print UV,8.0,2025-04-02 21:04:35
CUTWORX USA,ISA Sign Expo 2025,9.0,2025-04-02 21:04:51
General Formulations,ISA Sign Expo 2025,9.0,2025-04-02 21:04:51
Laguna Tools Inc.,ISA Sign Expo 2025,9.0,2025-04-02 21:04:51
"Lintec of America, Inc.",ISA Sign Expo 2025,9.0,2025-04-02 21:04:51
Signage Details,ISA Sign Expo 2025,9.0,2025-04-02 21:04:51
"3A Composites USA, Inc.",ISA Sign Expo 2025,9.0,2025-04-02 21:04:51
3M Commercial Solutions,ISA Sign Expo 2025,9.0,2025-04-02 21:04:51
Mfg,ISA Sign Expo 2025,9.0,2025-04-02 21:04:51
Abitech,ISA Sign Expo 2025,9.0,2025-04-02 21:04:51
ADMAX Exhibit & Display Ltd.,ISA Sign Expo 2025,9.0,2025-04-02 21:04:51
"Advanced Greig Laminators, Inc.",ISA Sign Expo 2025,9.0,2025-04-02 21:04:51
"Advantage Innovations, Inc",ISA Sign Expo 2025,9.0,2025-04-02 21:04:51
Aludecor,ISA Sign Expo 2025,9.0,2025-04-02 21:04:51
Arlon Graphics,ISA Sign Expo 2025,9.0,2025-04-02 21:04:51
Avery Dennison Graphics Solutions,ISA Sign Expo 2025,9.0,2025-04-02 21:04:51
International Sign Association ISA,International Sign Association (ISA),9.0,2025-04-02 21:04:51
