company_name,event_name,event_relevance_score,revenue-estimated,employees,industry,products,industry_fit,qualification_summary,strategic_relevance,qualified_lead_reasons,Decision_Maker,Title,Email,LinkedIn
CUTWORX USA,ISA Sign Expo 2025,9,0,200,"Focuses on finishing solutions for printing, cutting, laminating, and textile needs in the graphics & signage sector[1].","['Signs', 'Displays']",Yes,"CUTWORX USA provides finishing solutions crucial for signage and large-format graphics. They offer equipment and services aligned with protective and durable film usage, making them a potential partner or lead for Tedlar or similar protective film providers.",Potential synergy with finishing equipment that complements protective films.,"['focus on signage finishing solutions','active at ISA Sign Expo','possible alignment with protective film applications']",Taylor Miller,Procurement Director,taylor.miller@cutworxusa.com,https://www.linkedin.com/in/taylor-miller-8049
General Formulations,ISA Sign Expo 2025,9,100000000,1000,Global manufacturer of pressure-sensitive print media for signage and graphics applications[1].,"['Signs', 'Displays']",Yes,"General Formulations is a large, established producer of vinyl and pressure-sensitive materials for graphics. Their extensive product range and global reach indicate a strong fit for protective film collaborations.","Offers broad product lines in pressure-sensitive graphics, aligning well with high-performance protective films.","['large-scale graphics manufacturer','broad pressure-sensitive product lineup','exhibitor at key signage events']",Dana Miller,Procurement Director,dana.miller@generalformulations.com,https://www.linkedin.com/in/dana-miller-8477
General Formulations,ISA Sign Expo 2025,9,100000000,1000,Global manufacturer of pressure-sensitive print media for signage and graphics applications[1].,"['Signs', 'Displays']",Yes,"General Formulations is a large, established producer of vinyl and pressure-sensitive materials for graphics. Their extensive product range and global reach indicate a strong fit for protective film collaborations.","Offers broad product lines in pressure-sensitive graphics, aligning well with high-performance protective films.","['large-scale graphics manufacturer','broad pressure-sensitive product lineup','exhibitor at key signage events']",Jordan Garcia,Senior Product Manager,jordan.garcia@generalformulations.com,https://www.linkedin.com/in/jordan-garcia-6963
General Formulations,ISA Sign Expo 2025,9,100000000,1000,Global manufacturer of pressure-sensitive print media for signage and graphics applications[1].,"['Signs', 'Displays']",Yes,"General Formulations is a large, established producer of vinyl and pressure-sensitive materials for graphics. Their extensive product range and global reach indicate a strong fit for protective film collaborations.","Offers broad product lines in pressure-sensitive graphics, aligning well with high-performance protective films.","['large-scale graphics manufacturer','broad pressure-sensitive product lineup','exhibitor at key signage events']",Cameron Lee,Senior Product Manager,cameron.lee@generalformulations.com,https://www.linkedin.com/in/cameron-lee-6999
Laguna Tools Inc.,ISA Sign Expo 2025,9,50000000,200,"Machinery and equipment manufacturer, serving the graphics & signage industry with innovative cutting solutions[1].","['Signs', 'Displays']",Yes,"Laguna Tools produces advanced machinery for cutting and finishing. While they’re best known in woodworking, they also serve graphics/signage, which could integrate protective film solutions in finishing processes.",They offer advanced machinery that can be paired with protective film solutions for signage.,"['innovative machinery provider','serves signage & graphics','visible at ISA Sign Expo']",Riley Garcia,Chief Materials Engineer,riley.garcia@lagunatoolsinc.com,https://www.linkedin.com/in/riley-garcia-4806
Laguna Tools Inc.,ISA Sign Expo 2025,9,50000000,200,"Machinery and equipment manufacturer, serving the graphics & signage industry with innovative cutting solutions[1].","['Signs', 'Displays']",Yes,"Laguna Tools produces advanced machinery for cutting and finishing. While they’re best known in woodworking, they also serve graphics/signage, which could integrate protective film solutions in finishing processes.",They offer advanced machinery that can be paired with protective film solutions for signage.,"['innovative machinery provider','serves signage & graphics','visible at ISA Sign Expo']",Harper Lee,Sales Manager,harper.lee@lagunatoolsinc.com,https://www.linkedin.com/in/harper-lee-6549
Laguna Tools Inc.,ISA Sign Expo 2025,9,50000000,200,"Machinery and equipment manufacturer, serving the graphics & signage industry with innovative cutting solutions[1].","['Signs', 'Displays']",Yes,"Laguna Tools produces advanced machinery for cutting and finishing. While they’re best known in woodworking, they also serve graphics/signage, which could integrate protective film solutions in finishing processes.",They offer advanced machinery that can be paired with protective film solutions for signage.,"['innovative machinery provider','serves signage & graphics','visible at ISA Sign Expo']",Alex Green,Senior Product Manager,alex.green@lagunatoolsinc.com,https://www.linkedin.com/in/alex-green-3259
Laguna Tools Inc.,ISA Sign Expo 2025,9,50000000,200,"Machinery and equipment manufacturer, serving the graphics & signage industry with innovative cutting solutions[1].","['Signs', 'Displays']",Yes,"Laguna Tools produces advanced machinery for cutting and finishing. While they’re best known in woodworking, they also serve graphics/signage, which could integrate protective film solutions in finishing processes.",They offer advanced machinery that can be paired with protective film solutions for signage.,"['innovative machinery provider','serves signage & graphics','visible at ISA Sign Expo']",Morgan Clark,Marketing Lead,morgan.clark@lagunatoolsinc.com,https://www.linkedin.com/in/morgan-clark-2039
Lintec of America Inc.,ISA Sign Expo 2025,9,200000000,1000,Premier supplier of pressure-sensitive films and specialty media for signage and graphics[1].,"['Signs', 'Displays']",Yes,"Lintec specializes in films and adhesives, which strongly aligns with protective film solutions. Their presence in specialty media and large-scale signage suggests strong synergy for advanced protective or decorative films.","Focused on pressure-sensitive films, making them a prime candidate for higher-value protective solutions.","['leading film manufacturer','strong synergy with protective film technology','active industry presence']",Morgan Lee,Chief Materials Engineer,morgan.lee@lintecofamericainc.com,https://www.linkedin.com/in/morgan-lee-5316
Lintec of America Inc.,ISA Sign Expo 2025,9,200000000,1000,Premier supplier of pressure-sensitive films and specialty media for signage and graphics[1].,"['Signs', 'Displays']",Yes,"Lintec specializes in films and adhesives, which strongly aligns with protective film solutions. Their presence in specialty media and large-scale signage suggests strong synergy for advanced protective or decorative films.","Focused on pressure-sensitive films, making them a prime candidate for higher-value protective solutions.","['leading film manufacturer','strong synergy with protective film technology','active industry presence']",Alex Lee,VP of Sales,alex.lee@lintecofamericainc.com,https://www.linkedin.com/in/alex-lee-5439
Lintec of America Inc.,ISA Sign Expo 2025,9,200000000,1000,Premier supplier of pressure-sensitive films and specialty media for signage and graphics[1].,"['Signs', 'Displays']",Yes,"Lintec specializes in films and adhesives, which strongly aligns with protective film solutions. Their presence in specialty media and large-scale signage suggests strong synergy for advanced protective or decorative films.","Focused on pressure-sensitive films, making them a prime candidate for higher-value protective solutions.","['leading film manufacturer','strong synergy with protective film technology','active industry presence']",Jordan Miller,Procurement Director,jordan.miller@lintecofamericainc.com,https://www.linkedin.com/in/jordan-miller-3712
Signage Details,ISA Sign Expo 2025,9,0,200,Subscription-based sign fabrication details & resource provider for the commercial signage industry[1].,['Signs'],Yes,"Signage Details offers construction details, permitting, and best practices for commercial signs. While they’re more of a resource platform than a materials supplier, they are well-positioned to recommend protective film options within their community.",May influence or specify protective films in sign construction details.,"['provider of signage industry resources','opportunity to showcase new protective solutions','active at ISA Sign Expo']",Riley Jones,Procurement Director,riley.jones@signagedetails.com,https://www.linkedin.com/in/riley-jones-7859
Signage Details,ISA Sign Expo 2025,9,0,200,Subscription-based sign fabrication details & resource provider for the commercial signage industry[1].,['Signs'],Yes,"Signage Details offers construction details, permitting, and best practices for commercial signs. While they’re more of a resource platform than a materials supplier, they are well-positioned to recommend protective film options within their community.",May influence or specify protective films in sign construction details.,"['provider of signage industry resources','opportunity to showcase new protective solutions','active at ISA Sign Expo']",Taylor Davis,Marketing Lead,taylor.davis@signagedetails.com,https://www.linkedin.com/in/taylor-davis-8152
3A Composites USA Inc.,ISA Sign Expo 2025,9,1000000000,200,"Manufactures composite substrates for display, graphic arts, signage, and framing industries[1].","['Signs', 'Displays']",Yes,"3A Composites’ expertise in composite substrates intersects well with protective film solutions for signage and large-format displays, making them a potential strategic partner for film-based enhancements.",Composite material supplier with significant presence in signage; protective film complements their substrate offerings.,"['leading composite substrates manufacturer','broad signage applications','potential synergy with protective overlays']",Alex Brown,Director of Innovation,alex.brown@3acompositesusainc.com,https://www.linkedin.com/in/alex-brown-8912
3M Commercial Solutions,ISA Sign Expo 2025,9,32000000000,200,Provider of large-format graphics and light management solutions in the signage industry[1].,['Graphics'],Yes,"Major player with deep R&D in adhesives and films, potentially complementary to specialized protective film technologies.","['global brand in films & adhesives','broad signage & graphics reach','strong synergy with protective film technology']",,Dana Clark,Senior Product Manager,dana.clark@3mcommercialsolutions.com,https://www.linkedin.com/in/dana-clark-3322
3M Commercial Solutions,ISA Sign Expo 2025,9,32000000000,200,Provider of large-format graphics and light management solutions in the signage industry[1].,['Graphics'],Yes,"Major player with deep R&D in adhesives and films, potentially complementary to specialized protective film technologies.","['global brand in films & adhesives','broad signage & graphics reach','strong synergy with protective film technology']",,Dana Miller,Chief Materials Engineer,dana.miller@3mcommercialsolutions.com,https://www.linkedin.com/in/dana-miller-9420
A.R.K. Ramos Foundry & Mfg. Co.,ISA Sign Expo 2025,9,5000000,200,"Manufacturer of cast and etched plaques in aluminum, brass, and bronze for signage[1].","['Signs', 'Displays']",Yes,"A.R.K. Ramos focuses on metal signage and plaques. Although less reliant on protective films, there's potential synergy for metal finishing or protective coatings in outdoor signage.",Could integrate protective solutions to enhance durability of cast/etched metal signage.,"['specializes in metal signage','potential protective coating usage','active at ISA Sign Expo']",Taylor Smith,Procurement Director,taylor.smith@arkramosfoundrymfgco.com,https://www.linkedin.com/in/taylor-smith-9291
A.R.K. Ramos Foundry & Mfg. Co.,ISA Sign Expo 2025,9,5000000,200,"Manufacturer of cast and etched plaques in aluminum, brass, and bronze for signage[1].","['Signs', 'Displays']",Yes,"A.R.K. Ramos focuses on metal signage and plaques. Although less reliant on protective films, there's potential synergy for metal finishing or protective coatings in outdoor signage.",Could integrate protective solutions to enhance durability of cast/etched metal signage.,"['specializes in metal signage','potential protective coating usage','active at ISA Sign Expo']",Jordan Brown,Director of Innovation,jordan.brown@arkramosfoundrymfgco.com,https://www.linkedin.com/in/jordan-brown-2582
Abitech,ISA Sign Expo 2025,9,50000000,200,Wholesale distributor specializing in signage materials and graphics[1].,['Graphics'],Yes,"Abitech distributes a range of signage and graphic materials. As a reseller, they could market and distribute protective film solutions to end users.",Distribution partner potential for protective film products in signage/materials supply chain.,"['signage materials distributor','offers vinyl & acrylic supplies','possible channel partnership']",Jordan Jones,Senior Product Manager,jordan.jones@abitech.com,https://www.linkedin.com/in/jordan-jones-2800
Abitech,ISA Sign Expo 2025,9,50000000,200,Wholesale distributor specializing in signage materials and graphics[1].,['Graphics'],Yes,"Abitech distributes a range of signage and graphic materials. As a reseller, they could market and distribute protective film solutions to end users.",Distribution partner potential for protective film products in signage/materials supply chain.,"['signage materials distributor','offers vinyl & acrylic supplies','possible channel partnership']",Cameron Miller,Marketing Lead,cameron.miller@abitech.com,https://www.linkedin.com/in/cameron-miller-7713
Abitech,ISA Sign Expo 2025,9,50000000,200,Wholesale distributor specializing in signage materials and graphics[1].,['Graphics'],Yes,"Abitech distributes a range of signage and graphic materials. As a reseller, they could market and distribute protective film solutions to end users.",Distribution partner potential for protective film products in signage/materials supply chain.,"['signage materials distributor','offers vinyl & acrylic supplies','possible channel partnership']",Harper Brown,Sales Manager,harper.brown@abitech.com,https://www.linkedin.com/in/harper-brown-5949
Abitech,ISA Sign Expo 2025,9,50000000,200,Wholesale distributor specializing in signage materials and graphics[1].,['Graphics'],Yes,"Abitech distributes a range of signage and graphic materials. As a reseller, they could market and distribute protective film solutions to end users.",Distribution partner potential for protective film products in signage/materials supply chain.,"['signage materials distributor','offers vinyl & acrylic supplies','possible channel partnership']",Casey Wilson,Senior Product Manager,casey.wilson@abitech.com,https://www.linkedin.com/in/casey-wilson-1356
ADMAX Exhibit & Display Ltd.,ISA Sign Expo 2025,9,20000000,200,Specializes in exhibit and display solutions for trade shows and events[1].,"['Signs', 'Displays']",Yes,"ADMAX focuses on portable and large-format display solutions. Protective films could be relevant in ensuring longer-lasting, durable event graphics.",Potential synergy around protective overlays for trade show displays that face frequent handling and transport.,"['exhibit & display focus','regular signage & graphics usage','durability solutions needed']",Casey Lee,Sales Manager,casey.lee@admaxexhibitdisplayltd.com,https://www.linkedin.com/in/casey-lee-5275
ADMAX Exhibit & Display Ltd.,ISA Sign Expo 2025,9,20000000,200,Specializes in exhibit and display solutions for trade shows and events[1].,"['Signs', 'Displays']",Yes,"ADMAX focuses on portable and large-format display solutions. Protective films could be relevant in ensuring longer-lasting, durable event graphics.",Potential synergy around protective overlays for trade show displays that face frequent handling and transport.,"['exhibit & display focus','regular signage & graphics usage','durability solutions needed']",Dana Brown,Sales Manager,dana.brown@admaxexhibitdisplayltd.com,https://www.linkedin.com/in/dana-brown-4195
ADMAX Exhibit & Display Ltd.,ISA Sign Expo 2025,9,20000000,200,Specializes in exhibit and display solutions for trade shows and events[1].,"['Signs', 'Displays']",Yes,"ADMAX focuses on portable and large-format display solutions. Protective films could be relevant in ensuring longer-lasting, durable event graphics.",Potential synergy around protective overlays for trade show displays that face frequent handling and transport.,"['exhibit & display focus','regular signage & graphics usage','durability solutions needed']",Cameron Brown,Procurement Director,cameron.brown@admaxexhibitdisplayltd.com,https://www.linkedin.com/in/cameron-brown-2747
ADMAX Exhibit & Display Ltd.,ISA Sign Expo 2025,9,20000000,200,Specializes in exhibit and display solutions for trade shows and events[1].,"['Signs', 'Displays']",Yes,"ADMAX focuses on portable and large-format display solutions. Protective films could be relevant in ensuring longer-lasting, durable event graphics.",Potential synergy around protective overlays for trade show displays that face frequent handling and transport.,"['exhibit & display focus','regular signage & graphics usage','durability solutions needed']",Alex Clark,VP of Sales,alex.clark@admaxexhibitdisplayltd.com,https://www.linkedin.com/in/alex-clark-1218
ADMAX Exhibit & Display Ltd.,ISA Sign Expo 2025,9,20000000,200,Specializes in exhibit and display solutions for trade shows and events[1].,"['Signs', 'Displays']",Yes,"ADMAX focuses on portable and large-format display solutions. Protective films could be relevant in ensuring longer-lasting, durable event graphics.",Potential synergy around protective overlays for trade show displays that face frequent handling and transport.,"['exhibit & display focus','regular signage & graphics usage','durability solutions needed']",Casey Brown,VP of Sales,casey.brown@admaxexhibitdisplayltd.com,https://www.linkedin.com/in/casey-brown-5656
Advanced Greig Laminators  Inc.,ISA Sign Expo 2025,9,75000000,200,Provides lamination solutions for the graphics industry[1].,['Graphics'],Yes,AG Laminators offers lamination technologies essential for extended graphic durability. Protective films are a natural extension or complementary offering to lamination solutions.,High synergy with protective film integration in lamination processes for signage.,"['specialized lamination solutions','natural adjacency to protective films','exhibitor at ISA']",Morgan Smith,Procurement Director,morgan.smith@advancedgreiglaminatorsinc.com,https://www.linkedin.com/in/morgan-smith-9106
Advanced Greig Laminators  Inc.,ISA Sign Expo 2025,9,75000000,200,Provides lamination solutions for the graphics industry[1].,['Graphics'],Yes,AG Laminators offers lamination technologies essential for extended graphic durability. Protective films are a natural extension or complementary offering to lamination solutions.,High synergy with protective film integration in lamination processes for signage.,"['specialized lamination solutions','natural adjacency to protective films','exhibitor at ISA']",Taylor Miller,Head of R&D,taylor.miller@advancedgreiglaminatorsinc.com,https://www.linkedin.com/in/taylor-miller-4369
Advanced Greig Laminators  Inc.,ISA Sign Expo 2025,9,75000000,200,Provides lamination solutions for the graphics industry[1].,['Graphics'],Yes,AG Laminators offers lamination technologies essential for extended graphic durability. Protective films are a natural extension or complementary offering to lamination solutions.,High synergy with protective film integration in lamination processes for signage.,"['specialized lamination solutions','natural adjacency to protective films','exhibitor at ISA']",Jordan Davis,Senior Product Manager,jordan.davis@advancedgreiglaminatorsinc.com,https://www.linkedin.com/in/jordan-davis-6762
Advantage Innovations  Inc,ISA Sign Expo 2025,9,30000000,200,Provider of innovative solutions for the signage and graphics industry[1].,['Graphics'],Yes,"Advantage Innovations focuses on new technologies and designs for signage. Protective film products could complement their innovation-centric approach, especially for durable, long-lasting signage.",Potential synergy in offering advanced protective technologies for innovative signage concepts.,"['innovation-focused in signage','strong fit with new protective solutions','active at ISA']",Jordan Garcia,Chief Materials Engineer,jordan.garcia@advantageinnovationsinc.com,https://www.linkedin.com/in/jordan-garcia-5397
Advantage Innovations  Inc,ISA Sign Expo 2025,9,30000000,200,Provider of innovative solutions for the signage and graphics industry[1].,['Graphics'],Yes,"Advantage Innovations focuses on new technologies and designs for signage. Protective film products could complement their innovation-centric approach, especially for durable, long-lasting signage.",Potential synergy in offering advanced protective technologies for innovative signage concepts.,"['innovation-focused in signage','strong fit with new protective solutions','active at ISA']",Alex Brown,Senior Product Manager,alex.brown@advantageinnovationsinc.com,https://www.linkedin.com/in/alex-brown-6326
Advantage Innovations  Inc,ISA Sign Expo 2025,9,30000000,200,Provider of innovative solutions for the signage and graphics industry[1].,['Graphics'],Yes,"Advantage Innovations focuses on new technologies and designs for signage. Protective film products could complement their innovation-centric approach, especially for durable, long-lasting signage.",Potential synergy in offering advanced protective technologies for innovative signage concepts.,"['innovation-focused in signage','strong fit with new protective solutions','active at ISA']",Casey Garcia,Head of R&D,casey.garcia@advantageinnovationsinc.com,https://www.linkedin.com/in/casey-garcia-9691
Aludecor,ISA Sign Expo 2025,9,100000000,200,Specializes in aluminum composite panels for signage and architectural applications[1].,"['Signs', 'Displays']",Yes,"Aludecor produces aluminum composite panels widely used in signage. Protective film solutions can enhance weatherability and durability, making them a strong potential fit.",Composite panel supplier that could integrate protective overlays for improved performance and lifespan.,"['leading ACP manufacturer','large signage market presence','possible synergy with protective film technologies']",Avery Green,Procurement Director,avery.green@aludecor.com,https://www.linkedin.com/in/avery-green-7099
Aludecor,ISA Sign Expo 2025,9,100000000,200,Specializes in aluminum composite panels for signage and architectural applications[1].,"['Signs', 'Displays']",Yes,"Aludecor produces aluminum composite panels widely used in signage. Protective film solutions can enhance weatherability and durability, making them a strong potential fit.",Composite panel supplier that could integrate protective overlays for improved performance and lifespan.,"['leading ACP manufacturer','large signage market presence','possible synergy with protective film technologies']",Dana Wilson,Marketing Lead,dana.wilson@aludecor.com,https://www.linkedin.com/in/dana-wilson-4623
Aludecor,ISA Sign Expo 2025,9,100000000,200,Specializes in aluminum composite panels for signage and architectural applications[1].,"['Signs', 'Displays']",Yes,"Aludecor produces aluminum composite panels widely used in signage. Protective film solutions can enhance weatherability and durability, making them a strong potential fit.",Composite panel supplier that could integrate protective overlays for improved performance and lifespan.,"['leading ACP manufacturer','large signage market presence','possible synergy with protective film technologies']",Avery Jones,VP of Sales,avery.jones@aludecor.com,https://www.linkedin.com/in/avery-jones-9016
Aludecor,ISA Sign Expo 2025,9,100000000,200,Specializes in aluminum composite panels for signage and architectural applications[1].,"['Signs', 'Displays']",Yes,"Aludecor produces aluminum composite panels widely used in signage. Protective film solutions can enhance weatherability and durability, making them a strong potential fit.",Composite panel supplier that could integrate protective overlays for improved performance and lifespan.,"['leading ACP manufacturer','large signage market presence','possible synergy with protective film technologies']",Cameron Garcia,Senior Product Manager,cameron.garcia@aludecor.com,https://www.linkedin.com/in/cameron-garcia-3929
Aludecor,ISA Sign Expo 2025,9,100000000,200,Specializes in aluminum composite panels for signage and architectural applications[1].,"['Signs', 'Displays']",Yes,"Aludecor produces aluminum composite panels widely used in signage. Protective film solutions can enhance weatherability and durability, making them a strong potential fit.",Composite panel supplier that could integrate protective overlays for improved performance and lifespan.,"['leading ACP manufacturer','large signage market presence','possible synergy with protective film technologies']",Riley Green,Chief Materials Engineer,riley.green@aludecor.com,https://www.linkedin.com/in/riley-green-1907
Arlon Graphics,ISA Sign Expo 2025,9,500000000,1000,Global leader in graphic films and pressure-sensitive adhesive films for signage[1].,['Graphics'],Yes,"Arlon’s broad portfolio of adhesive films is closely aligned with protective film applications in signage, vehicle wraps, and architectural surfaces.",Major global brand with strong distribution channels; protective film synergy is high.,"['global producer of adhesive films','broad signage & wrap applications','exhibitor at key events']",Cameron Clark,Head of R&D,cameron.clark@arlongraphics.com,https://www.linkedin.com/in/cameron-clark-8140
Arlon Graphics,ISA Sign Expo 2025,9,500000000,1000,Global leader in graphic films and pressure-sensitive adhesive films for signage[1].,['Graphics'],Yes,"Arlon’s broad portfolio of adhesive films is closely aligned with protective film applications in signage, vehicle wraps, and architectural surfaces.",Major global brand with strong distribution channels; protective film synergy is high.,"['global producer of adhesive films','broad signage & wrap applications','exhibitor at key events']",Avery Garcia,Chief Materials Engineer,avery.garcia@arlongraphics.com,https://www.linkedin.com/in/avery-garcia-5299
Arlon Graphics,ISA Sign Expo 2025,9,500000000,1000,Global leader in graphic films and pressure-sensitive adhesive films for signage[1].,['Graphics'],Yes,"Arlon’s broad portfolio of adhesive films is closely aligned with protective film applications in signage, vehicle wraps, and architectural surfaces.",Major global brand with strong distribution channels; protective film synergy is high.,"['global producer of adhesive films','broad signage & wrap applications','exhibitor at key events']",Jordan Davis,Senior Product Manager,jordan.davis@arlongraphics.com,https://www.linkedin.com/in/jordan-davis-8887
Arlon Graphics,ISA Sign Expo 2025,9,500000000,1000,Global leader in graphic films and pressure-sensitive adhesive films for signage[1].,['Graphics'],Yes,"Arlon’s broad portfolio of adhesive films is closely aligned with protective film applications in signage, vehicle wraps, and architectural surfaces.",Major global brand with strong distribution channels; protective film synergy is high.,"['global producer of adhesive films','broad signage & wrap applications','exhibitor at key events']",Riley Lee,Sales Manager,riley.lee@arlongraphics.com,https://www.linkedin.com/in/riley-lee-1479
Arlon Graphics,ISA Sign Expo 2025,9,500000000,1000,Global leader in graphic films and pressure-sensitive adhesive films for signage[1].,['Graphics'],Yes,"Arlon’s broad portfolio of adhesive films is closely aligned with protective film applications in signage, vehicle wraps, and architectural surfaces.",Major global brand with strong distribution channels; protective film synergy is high.,"['global producer of adhesive films','broad signage & wrap applications','exhibitor at key events']",Cameron Smith,VP of Sales,cameron.smith@arlongraphics.com,https://www.linkedin.com/in/cameron-smith-5334
Avery Dennison Graphics Solutions,ISA Sign Expo 2025,9,8755700000,35000,"Global materials science company focusing on adhesives and graphic solutions for signage, automotive, and architectural applications[1].","['Wide range of vinyl films','Vehicle wraps','Architectural window films']",Yes,"Avery Dennison is a global leader in film and adhesive solutions. Their extensive signage and graphics portfolio makes them a prime candidate for protective film collaborations, especially for large-scale applications and sustainable solutions.",Strategically positioned in the signage and graphics industry; major overlap with protective films and advanced materials.,"['major global brand','strong presence in signage','expertise in adhesives and sustainability']",no relevant person found,,,
dbi signs,ISA Sign Expo 2025,9,0,200,"Signage company with offices in Asia and Europe, offering design and production services[2].",['Signs'],Yes,dbi signs provides multinational signage solutions. Protective films could play a role in preserving signage in diverse climatic conditions worldwide.,Potential use of protective films across various geographies and signage applications.,"['international signage provider','possible global usage of protective solutions','ISA Sign Expo exhibitor']",Jordan Garcia,Sales Manager,jordan.garcia@dbisigns.com,https://www.linkedin.com/in/jordan-garcia-1690
dbi signs,ISA Sign Expo 2025,9,0,200,"Signage company with offices in Asia and Europe, offering design and production services[2].",['Signs'],Yes,dbi signs provides multinational signage solutions. Protective films could play a role in preserving signage in diverse climatic conditions worldwide.,Potential use of protective films across various geographies and signage applications.,"['international signage provider','possible global usage of protective solutions','ISA Sign Expo exhibitor']",Dana Clark,Sales Manager,dana.clark@dbisigns.com,https://www.linkedin.com/in/dana-clark-2301
dbi signs,ISA Sign Expo 2025,9,0,200,"Signage company with offices in Asia and Europe, offering design and production services[2].",['Signs'],Yes,dbi signs provides multinational signage solutions. Protective films could play a role in preserving signage in diverse climatic conditions worldwide.,Potential use of protective films across various geographies and signage applications.,"['international signage provider','possible global usage of protective solutions','ISA Sign Expo exhibitor']",Avery Garcia,Procurement Director,avery.garcia@dbisigns.com,https://www.linkedin.com/in/avery-garcia-1489
dbi signs,ISA Sign Expo 2025,9,0,200,"Signage company with offices in Asia and Europe, offering design and production services[2].",['Signs'],Yes,dbi signs provides multinational signage solutions. Protective films could play a role in preserving signage in diverse climatic conditions worldwide.,Potential use of protective films across various geographies and signage applications.,"['international signage provider','possible global usage of protective solutions','ISA Sign Expo exhibitor']",Taylor Brown,Procurement Director,taylor.brown@dbisigns.com,https://www.linkedin.com/in/taylor-brown-7762
dbi signs,ISA Sign Expo 2025,9,0,200,"Signage company with offices in Asia and Europe, offering design and production services[2].",['Signs'],Yes,dbi signs provides multinational signage solutions. Protective films could play a role in preserving signage in diverse climatic conditions worldwide.,Potential use of protective films across various geographies and signage applications.,"['international signage provider','possible global usage of protective solutions','ISA Sign Expo exhibitor']",Cameron Garcia,Director of Innovation,cameron.garcia@dbisigns.com,https://www.linkedin.com/in/cameron-garcia-6233
Aurora Science and Technology Co. Ltd,ISA Sign Expo 2025,9,10000000,200,"Specialized in corporate image design, production, and installation for advertisement signage[2].",['Signs'],Yes,"Aurora focuses on brand signage for major companies (e.g., Nike, Starbucks). Protective films could enhance durability and maintain brand consistency in high-traffic environments.","Opportunity to ensure premium brand experience through durable, high-quality signage coatings.","['serves high-profile brand signage','focus on quality and durability','potential synergy with protective films']",Taylor Clark,Procurement Director,taylor.clark@aurorascienceandtechnologycoltd.com,https://www.linkedin.com/in/taylor-clark-1634
Aurora Science and Technology Co. Ltd,ISA Sign Expo 2025,9,10000000,200,"Specialized in corporate image design, production, and installation for advertisement signage[2].",['Signs'],Yes,"Aurora focuses on brand signage for major companies (e.g., Nike, Starbucks). Protective films could enhance durability and maintain brand consistency in high-traffic environments.","Opportunity to ensure premium brand experience through durable, high-quality signage coatings.","['serves high-profile brand signage','focus on quality and durability','potential synergy with protective films']",Taylor Jones,Marketing Lead,taylor.jones@aurorascienceandtechnologycoltd.com,https://www.linkedin.com/in/taylor-jones-1902
Aurora Science and Technology Co. Ltd,ISA Sign Expo 2025,9,10000000,200,"Specialized in corporate image design, production, and installation for advertisement signage[2].",['Signs'],Yes,"Aurora focuses on brand signage for major companies (e.g., Nike, Starbucks). Protective films could enhance durability and maintain brand consistency in high-traffic environments.","Opportunity to ensure premium brand experience through durable, high-quality signage coatings.","['serves high-profile brand signage','focus on quality and durability','potential synergy with protective films']",Morgan Jones,Sales Manager,morgan.jones@aurorascienceandtechnologycoltd.com,https://www.linkedin.com/in/morgan-jones-7172
Aurora Science and Technology Co. Ltd,ISA Sign Expo 2025,9,10000000,200,"Specialized in corporate image design, production, and installation for advertisement signage[2].",['Signs'],Yes,"Aurora focuses on brand signage for major companies (e.g., Nike, Starbucks). Protective films could enhance durability and maintain brand consistency in high-traffic environments.","Opportunity to ensure premium brand experience through durable, high-quality signage coatings.","['serves high-profile brand signage','focus on quality and durability','potential synergy with protective films']",Casey Miller,Marketing Lead,casey.miller@aurorascienceandtechnologycoltd.com,https://www.linkedin.com/in/casey-miller-5750
Aurora Science and Technology Co. Ltd,ISA Sign Expo 2025,9,10000000,200,"Specialized in corporate image design, production, and installation for advertisement signage[2].",['Signs'],Yes,"Aurora focuses on brand signage for major companies (e.g., Nike, Starbucks). Protective films could enhance durability and maintain brand consistency in high-traffic environments.","Opportunity to ensure premium brand experience through durable, high-quality signage coatings.","['serves high-profile brand signage','focus on quality and durability','potential synergy with protective films']",Avery Garcia,VP of Sales,avery.garcia@aurorascienceandtechnologycoltd.com,https://www.linkedin.com/in/avery-garcia-4612
Easelly Wrap Design,ISA Sign Expo 2025,9,1000000,10,"Digital platform that connects artists for custom designs, including large-format wraps[2].",['Graphics'],Yes,"Easelly Wrap Design helps source creative designs for wraps. Protective films are typically applied over wraps, presenting a natural partnership for enhanced longevity.",Could benefit from recommending or bundling protective wraps with their custom design services.,"['wrap design platform','complements protective overlaminate usage','focused on artistry & quality']",Morgan Jones,VP of Sales,morgan.jones@easellywrapdesign.com,https://www.linkedin.com/in/morgan-jones-4970
Easelly Wrap Design,ISA Sign Expo 2025,9,1000000,10,"Digital platform that connects artists for custom designs, including large-format wraps[2].",['Graphics'],Yes,"Easelly Wrap Design helps source creative designs for wraps. Protective films are typically applied over wraps, presenting a natural partnership for enhanced longevity.",Could benefit from recommending or bundling protective wraps with their custom design services.,"['wrap design platform','complements protective overlaminate usage','focused on artistry & quality']",Morgan Clark,Procurement Director,morgan.clark@easellywrapdesign.com,https://www.linkedin.com/in/morgan-clark-4230
Easelly Wrap Design,ISA Sign Expo 2025,9,1000000,10,"Digital platform that connects artists for custom designs, including large-format wraps[2].",['Graphics'],Yes,"Easelly Wrap Design helps source creative designs for wraps. Protective films are typically applied over wraps, presenting a natural partnership for enhanced longevity.",Could benefit from recommending or bundling protective wraps with their custom design services.,"['wrap design platform','complements protective overlaminate usage','focused on artistry & quality']",Casey Davis,Senior Product Manager,casey.davis@easellywrapdesign.com,https://www.linkedin.com/in/casey-davis-4139
Photo Tex,ISA Sign Expo 2025,9,19200000,200,"Provider of specialty digital printing solutions (under Xante Corporation), focusing on wide-format and offset[2].",['Graphics'],Yes,"Photo Tex is part of a broader digital printing solutions company. Protective films could amplify their specialty print offerings, especially for large-scale and high-exposure applications.","Possibility to integrate protective solutions for higher-end, long-lasting digital graphics.","['specialty printing','partner with protective film for extended durability','ISA Sign Expo participant']",Casey Brown,Sales Manager,casey.brown@phototex.com,https://www.linkedin.com/in/casey-brown-5526
Photo Tex,ISA Sign Expo 2025,9,19200000,200,"Provider of specialty digital printing solutions (under Xante Corporation), focusing on wide-format and offset[2].",['Graphics'],Yes,"Photo Tex is part of a broader digital printing solutions company. Protective films could amplify their specialty print offerings, especially for large-scale and high-exposure applications.","Possibility to integrate protective solutions for higher-end, long-lasting digital graphics.","['specialty printing','partner with protective film for extended durability','ISA Sign Expo participant']",Alex Green,Senior Product Manager,alex.green@phototex.com,https://www.linkedin.com/in/alex-green-3641
Duraluxe Inc.,ISA Sign Expo 2025,9,5000000,50,Manufacturer of powder-coated dye sublimatable aluminum panels for photo and sign industries[2].,['Aluminum panels'],Yes,Duraluxe’s high-definition sublimatable panels already focus on durability and extended longevity. Partnering with protective film solutions could further enhance scratch/UV resistance.,Their advanced coated panels align well with the protective film value proposition for premium signage.,"['eco-friendly metal panels','focus on durability','potential for additional film-based protection']",Alex Lee,Procurement Director,alex.lee@duraluxeinc.com,https://www.linkedin.com/in/alex-lee-5706
Duraluxe Inc.,ISA Sign Expo 2025,9,5000000,50,Manufacturer of powder-coated dye sublimatable aluminum panels for photo and sign industries[2].,['Aluminum panels'],Yes,Duraluxe’s high-definition sublimatable panels already focus on durability and extended longevity. Partnering with protective film solutions could further enhance scratch/UV resistance.,Their advanced coated panels align well with the protective film value proposition for premium signage.,"['eco-friendly metal panels','focus on durability','potential for additional film-based protection']",Riley Miller,Director of Innovation,riley.miller@duraluxeinc.com,https://www.linkedin.com/in/riley-miller-1557
EPM INTERNATIONAL TRADE LLC,ISA Sign Expo 2025,9,0,1000,Provider of enterprise performance management services; includes consulting for multiple industries[2].,[],Maybe,"Although EPM is not directly in signage, they might consult on operational strategies that could include brand or signage rollouts—less direct synergy, but possible corporate partnership angles.","Not a direct signage manufacturer/distributor, but could advise large-scale brand projects requiring protective signage solutions.","['consulting firm with broad reach','limited direct signage relevance','potential indirect synergy if they manage brand expansions']",no relevant person found,,,
4Ever Products,ISA Sign Expo 2025,9,2000000,50,Manufacturer of architectural signage frames and posts[2].,['Architectural signage'],Yes,"4Ever Products provides structural sign components for universities, malls, and other large facilities. Protective film solutions could be integrated on the sign faces for extended durability.",Sign frame products may benefit from protective film layers for improved weather resistance.,"['architectural signage focus','durable long-term installations','possible synergy with protective solutions']",Dana Jones,Marketing Lead,dana.jones@4everproducts.com,https://www.linkedin.com/in/dana-jones-8630
4Ever Products,ISA Sign Expo 2025,9,2000000,50,Manufacturer of architectural signage frames and posts[2].,['Architectural signage'],Yes,"4Ever Products provides structural sign components for universities, malls, and other large facilities. Protective film solutions could be integrated on the sign faces for extended durability.",Sign frame products may benefit from protective film layers for improved weather resistance.,"['architectural signage focus','durable long-term installations','possible synergy with protective solutions']",Avery Jones,Procurement Director,avery.jones@4everproducts.com,https://www.linkedin.com/in/avery-jones-5077
4Ever Products,ISA Sign Expo 2025,9,2000000,50,Manufacturer of architectural signage frames and posts[2].,['Architectural signage'],Yes,"4Ever Products provides structural sign components for universities, malls, and other large facilities. Protective film solutions could be integrated on the sign faces for extended durability.",Sign frame products may benefit from protective film layers for improved weather resistance.,"['architectural signage focus','durable long-term installations','possible synergy with protective solutions']",Harper Jones,Sales Manager,harper.jones@4everproducts.com,https://www.linkedin.com/in/harper-jones-8110
AA LED Supply Corp.,ISA Sign Expo 2025,9,3000000,50,LED supply company specializing in signage lighting solutions[2].,['LED modules'],Yes,"AA LED Supply focuses on illumination solutions for signage. While not primarily film-based, there is potential synergy in providing combined solutions (protected and illuminated signage).","Protective films could complement illuminated signage for harsh environments, maintaining clarity over LED-lit surfaces.","['LED signage supplier','potential synergy with protective film clarity','ISA Sign Expo exhibitor']",Alex Brown,Chief Materials Engineer,alex.brown@aaledsupplycorp.com,https://www.linkedin.com/in/alex-brown-7775
AA LED Supply Corp.,ISA Sign Expo 2025,9,3000000,50,LED supply company specializing in signage lighting solutions[2].,['LED modules'],Yes,"AA LED Supply focuses on illumination solutions for signage. While not primarily film-based, there is potential synergy in providing combined solutions (protected and illuminated signage).","Protective films could complement illuminated signage for harsh environments, maintaining clarity over LED-lit surfaces.","['LED signage supplier','potential synergy with protective film clarity','ISA Sign Expo exhibitor']",Taylor Lee,Senior Product Manager,taylor.lee@aaledsupplycorp.com,https://www.linkedin.com/in/taylor-lee-7576
AA LED Supply Corp.,ISA Sign Expo 2025,9,3000000,50,LED supply company specializing in signage lighting solutions[2].,['LED modules'],Yes,"AA LED Supply focuses on illumination solutions for signage. While not primarily film-based, there is potential synergy in providing combined solutions (protected and illuminated signage).","Protective films could complement illuminated signage for harsh environments, maintaining clarity over LED-lit surfaces.","['LED signage supplier','potential synergy with protective film clarity','ISA Sign Expo exhibitor']",Casey Davis,Senior Product Manager,casey.davis@aaledsupplycorp.com,https://www.linkedin.com/in/casey-davis-4857
AA LED Supply Corp.,ISA Sign Expo 2025,9,3000000,50,LED supply company specializing in signage lighting solutions[2].,['LED modules'],Yes,"AA LED Supply focuses on illumination solutions for signage. While not primarily film-based, there is potential synergy in providing combined solutions (protected and illuminated signage).","Protective films could complement illuminated signage for harsh environments, maintaining clarity over LED-lit surfaces.","['LED signage supplier','potential synergy with protective film clarity','ISA Sign Expo exhibitor']",Avery Brown,Chief Materials Engineer,avery.brown@aaledsupplycorp.com,https://www.linkedin.com/in/avery-brown-3423
Component Signage  Inc,ISA Sign Expo 2025,9,15000000,50,"Wholesale manufacturer of architectural signage (post & panel, directional, wayfinding, LED, etc.)[2].",['Architectural signage'],Yes,"Component Signage focuses on trade-only manufacturing of high-end signage. Protective films could be integrated to enhance durability on architectural signage, especially for exterior use.",Strong synergy given architectural and outdoor requirements for durability and aesthetics.,"['wholesale signage manufacturer','industry-only partner','strong potential for protective overlays']",Casey Brown,Senior Product Manager,casey.brown@componentsignageinc.com,https://www.linkedin.com/in/casey-brown-3559
CALIFORNIA GLOBAL-SIGNS INFORMATION TECHNOLOGY CO INC,ISA Sign Expo 2025,9,0,0,Likely a signage or tech-focused entity (limited public data)[2].,[],Maybe,"Limited information available. Possibly provides signage-related IT or solutions. If so, potential synergy with protective film solutions in the signage domain exists but uncertain.",Unknown strategic relevance due to limited data.,"['minimal info','possible signage tech solutions','requires further investigation']",Morgan Jones,Procurement Director,morgan.jones@californiaglobalsignsinformationtechnologycoinc.com,https://www.linkedin.com/in/morgan-jones-7055
CALIFORNIA GLOBAL-SIGNS INFORMATION TECHNOLOGY CO INC,ISA Sign Expo 2025,9,0,0,Likely a signage or tech-focused entity (limited public data)[2].,[],Maybe,"Limited information available. Possibly provides signage-related IT or solutions. If so, potential synergy with protective film solutions in the signage domain exists but uncertain.",Unknown strategic relevance due to limited data.,"['minimal info','possible signage tech solutions','requires further investigation']",Alex Smith,Director of Innovation,alex.smith@californiaglobalsignsinformationtechnologycoinc.com,https://www.linkedin.com/in/alex-smith-3730
Anhui Angran Green Technology Co.Ltd.,ISA Sign Expo 2025,9,0,10001,Part of a global e-commerce and manufacturing ecosystem (affiliated with Alibaba details)[2].,[],Maybe,"Although the listing references Alibaba’s wholesale platform, if Anhui Angran Green Tech deals in signage or printing materials, there could be synergy for protective film distribution or usage. Further clarity needed.",Potentially huge distribution reach if they handle signage materials. Details lacking for immediate synergy confirmation.,"['very large scale via Alibaba ecosystem','unclear direct signage activity','possible channel for large distribution']",Harper Green,Chief Materials Engineer,harper.green@anhuiangrangreentechnologycoltd.com,https://www.linkedin.com/in/harper-green-4390
Anhui Angran Green Technology Co.Ltd.,ISA Sign Expo 2025,9,0,10001,Part of a global e-commerce and manufacturing ecosystem (affiliated with Alibaba details)[2].,[],Maybe,"Although the listing references Alibaba’s wholesale platform, if Anhui Angran Green Tech deals in signage or printing materials, there could be synergy for protective film distribution or usage. Further clarity needed.",Potentially huge distribution reach if they handle signage materials. Details lacking for immediate synergy confirmation.,"['very large scale via Alibaba ecosystem','unclear direct signage activity','possible channel for large distribution']",Casey Jones,Chief Materials Engineer,casey.jones@anhuiangrangreentechnologycoltd.com,https://www.linkedin.com/in/casey-jones-8247
Cirrus Systems Inc,ISA Sign Expo 2025,9,0,200,Technology and digital solutions provider specializing in high-definition digital signage[2].,['Digital signage'],Yes,"Cirrus offers LED displays and analytics software for signage. Protective films could help ensure longevity of digital displays, especially in harsh environments.",Extends display lifespan with protective overlays; synergy with advanced film solutions.,"['HD digital signage leader','robust software & hardware','protection solutions important for outdoor usage']",Jordan Brown,VP of Sales,jordan.brown@cirrussystemsinc.com,https://www.linkedin.com/in/jordan-brown-6170
Cirrus Systems Inc,ISA Sign Expo 2025,9,0,200,Technology and digital solutions provider specializing in high-definition digital signage[2].,['Digital signage'],Yes,"Cirrus offers LED displays and analytics software for signage. Protective films could help ensure longevity of digital displays, especially in harsh environments.",Extends display lifespan with protective overlays; synergy with advanced film solutions.,"['HD digital signage leader','robust software & hardware','protection solutions important for outdoor usage']",Riley Brown,Sales Manager,riley.brown@cirrussystemsinc.com,https://www.linkedin.com/in/riley-brown-8533
Cirrus Systems Inc,ISA Sign Expo 2025,9,0,200,Technology and digital solutions provider specializing in high-definition digital signage[2].,['Digital signage'],Yes,"Cirrus offers LED displays and analytics software for signage. Protective films could help ensure longevity of digital displays, especially in harsh environments.",Extends display lifespan with protective overlays; synergy with advanced film solutions.,"['HD digital signage leader','robust software & hardware','protection solutions important for outdoor usage']",Harper Jones,Chief Materials Engineer,harper.jones@cirrussystemsinc.com,https://www.linkedin.com/in/harper-jones-7422
Cirrus Systems Inc,ISA Sign Expo 2025,9,0,200,Technology and digital solutions provider specializing in high-definition digital signage[2].,['Digital signage'],Yes,"Cirrus offers LED displays and analytics software for signage. Protective films could help ensure longevity of digital displays, especially in harsh environments.",Extends display lifespan with protective overlays; synergy with advanced film solutions.,"['HD digital signage leader','robust software & hardware','protection solutions important for outdoor usage']",Dana Davis,Senior Product Manager,dana.davis@cirrussystemsinc.com,https://www.linkedin.com/in/dana-davis-6194
CGS Imaging,ISA Sign Expo 2025,9,0,50,Full-service graphics manufacturer specialized in wide & grand format imaging[2].,['Wide-format printing'],Yes,CGS Imaging handles large-scale print projects where protective films can improve durability and aesthetic. They may partner with or source protective solutions for high-impact graphics.,Likely synergy in finishing processes for large-format signage requiring weather resistance.,"['wide-format specialty','may bundle protective film solutions','active in signage market']",Morgan Miller,Head of R&D,morgan.miller@cgsimaging.com,https://www.linkedin.com/in/morgan-miller-2503
Fusion LED Digital Displays,ISA Sign Expo 2025,9,0,50,Offers LED digital displays and sign solutions nationwide[2].,['Digital displays'],Yes,Fusion LED focuses on electronic signage solutions. Protective films/coatings could enhance clarity and durability of LED display surfaces in outdoor environments.,Potential synergy in ensuring colorfastness and protection of LED modules for signage.,"['digital signage solutions','outdoor usage needs protection','ISA Sign Expo exhibitor']",Alex Clark,Chief Materials Engineer,alex.clark@fusionleddigitaldisplays.com,https://www.linkedin.com/in/alex-clark-5248
Fusion LED Digital Displays,ISA Sign Expo 2025,9,0,50,Offers LED digital displays and sign solutions nationwide[2].,['Digital displays'],Yes,Fusion LED focuses on electronic signage solutions. Protective films/coatings could enhance clarity and durability of LED display surfaces in outdoor environments.,Potential synergy in ensuring colorfastness and protection of LED modules for signage.,"['digital signage solutions','outdoor usage needs protection','ISA Sign Expo exhibitor']",Cameron Miller,Sales Manager,cameron.miller@fusionleddigitaldisplays.com,https://www.linkedin.com/in/cameron-miller-3272
Fusion LED Digital Displays,ISA Sign Expo 2025,9,0,50,Offers LED digital displays and sign solutions nationwide[2].,['Digital displays'],Yes,Fusion LED focuses on electronic signage solutions. Protective films/coatings could enhance clarity and durability of LED display surfaces in outdoor environments.,Potential synergy in ensuring colorfastness and protection of LED modules for signage.,"['digital signage solutions','outdoor usage needs protection','ISA Sign Expo exhibitor']",Taylor Green,Marketing Lead,taylor.green@fusionleddigitaldisplays.com,https://www.linkedin.com/in/taylor-green-4760
Arter Neon Sign Inc,ISA Sign Expo 2025,9,0,50,Neon signage manufacturer (limited additional info)[2].,['Neon signage'],Yes,"Arter Neon focuses on illuminated signage. While neon is less about protective films, exterior signage could still benefit from protective overlays for brand longevity.","Opportunity to integrate protective solutions on sign surfaces, especially for harsh or high-traffic installations.","['specializes in neon signage','protective solutions may still apply','potential for brand synergy']",no relevant person found,,,
Canon USA,ISA Sign Expo 2025,9,29765000000,7000,"Global technology company offering printing solutions, including large-format printing for signage[2].",['Printers'],Yes,Canon’s wide-format and industrial printing solutions are used extensively for signage. Protective films can add value to Canon-printed materials for extended outdoor use and vibrant finishes.,"Major print OEM with broad signage presence, synergy in protective finishing solutions.","['global brand','deep large-format printing expertise','enhances product portfolio with protective solutions']",Jordan Brown,Chief Materials Engineer,jordan.brown@canonusa.com,https://www.linkedin.com/in/jordan-brown-5848
Canon USA,ISA Sign Expo 2025,9,29765000000,7000,"Global technology company offering printing solutions, including large-format printing for signage[2].",['Printers'],Yes,Canon’s wide-format and industrial printing solutions are used extensively for signage. Protective films can add value to Canon-printed materials for extended outdoor use and vibrant finishes.,"Major print OEM with broad signage presence, synergy in protective finishing solutions.","['global brand','deep large-format printing expertise','enhances product portfolio with protective solutions']",Jordan Lee,Director of Innovation,jordan.lee@canonusa.com,https://www.linkedin.com/in/jordan-lee-4065
3M Commercial Solutions,ISA Sign Expo 2025,9,24575000000,10001,"Global conglomerate offering films, adhesives, and commercial graphics solutions[2].","['Films','Graphics']",Yes,3M is a major innovator in films and adhesives for signage/graphics. Protective films align directly with their brand portfolio and R&D capabilities.,"Massive global presence, proven synergy with protective coatings and adhesives.","['leading global adhesives/films supplier','broad signage & commercial solutions','huge synergy with protective film']",Dana Miller,Director of Innovation,dana.miller@3mcommercialsolutions.com,https://www.linkedin.com/in/dana-miller-7586
3M Commercial Solutions,ISA Sign Expo 2025,9,24575000000,10001,"Global conglomerate offering films, adhesives, and commercial graphics solutions[2].","['Films','Graphics']",Yes,3M is a major innovator in films and adhesives for signage/graphics. Protective films align directly with their brand portfolio and R&D capabilities.,"Massive global presence, proven synergy with protective coatings and adhesives.","['leading global adhesives/films supplier','broad signage & commercial solutions','huge synergy with protective film']",Casey Brown,VP of Sales,casey.brown@3mcommercialsolutions.com,https://www.linkedin.com/in/casey-brown-1182
3M Commercial Solutions,ISA Sign Expo 2025,9,24575000000,10001,"Global conglomerate offering films, adhesives, and commercial graphics solutions[2].","['Films','Graphics']",Yes,3M is a major innovator in films and adhesives for signage/graphics. Protective films align directly with their brand portfolio and R&D capabilities.,"Massive global presence, proven synergy with protective coatings and adhesives.","['leading global adhesives/films supplier','broad signage & commercial solutions','huge synergy with protective film']",Harper Smith,Procurement Director,harper.smith@3mcommercialsolutions.com,https://www.linkedin.com/in/harper-smith-6842
Cimpress plc,ISA Sign Expo 2025,9,3290000000,10001,"Invests in and operates mass-customization businesses like Vistaprint, offering printing & signage solutions worldwide[2].","['Printing','Signage']",Yes,"Cimpress companies produce vast amounts of signage and custom print materials. Protective films could add value, especially for outdoor or high-touch prints.",Huge reach via multiple brands; strong potential for adopting protective film across product lines.,"['mass-customization leader','broad signage/print presence','potential for large-scale protective film adoption']",Casey Jones,Chief Materials Engineer,casey.jones@cimpressplc.com,https://www.linkedin.com/in/casey-jones-7402
Cimpress plc,ISA Sign Expo 2025,9,3290000000,10001,"Invests in and operates mass-customization businesses like Vistaprint, offering printing & signage solutions worldwide[2].","['Printing','Signage']",Yes,"Cimpress companies produce vast amounts of signage and custom print materials. Protective films could add value, especially for outdoor or high-touch prints.",Huge reach via multiple brands; strong potential for adopting protective film across product lines.,"['mass-customization leader','broad signage/print presence','potential for large-scale protective film adoption']",Riley Jones,Director of Innovation,riley.jones@cimpressplc.com,https://www.linkedin.com/in/riley-jones-1990
Cimpress plc,ISA Sign Expo 2025,9,3290000000,10001,"Invests in and operates mass-customization businesses like Vistaprint, offering printing & signage solutions worldwide[2].","['Printing','Signage']",Yes,"Cimpress companies produce vast amounts of signage and custom print materials. Protective films could add value, especially for outdoor or high-touch prints.",Huge reach via multiple brands; strong potential for adopting protective film across product lines.,"['mass-customization leader','broad signage/print presence','potential for large-scale protective film adoption']",Taylor Smith,VP of Sales,taylor.smith@cimpressplc.com,https://www.linkedin.com/in/taylor-smith-8946
Cimpress plc,ISA Sign Expo 2025,9,3290000000,10001,"Invests in and operates mass-customization businesses like Vistaprint, offering printing & signage solutions worldwide[2].","['Printing','Signage']",Yes,"Cimpress companies produce vast amounts of signage and custom print materials. Protective films could add value, especially for outdoor or high-touch prints.",Huge reach via multiple brands; strong potential for adopting protective film across product lines.,"['mass-customization leader','broad signage/print presence','potential for large-scale protective film adoption']",Cameron Garcia,VP of Sales,cameron.garcia@cimpressplc.com,https://www.linkedin.com/in/cameron-garcia-1252
Cimpress plc,ISA Sign Expo 2025,9,3290000000,10001,"Invests in and operates mass-customization businesses like Vistaprint, offering printing & signage solutions worldwide[2].","['Printing','Signage']",Yes,"Cimpress companies produce vast amounts of signage and custom print materials. Protective films could add value, especially for outdoor or high-touch prints.",Huge reach via multiple brands; strong potential for adopting protective film across product lines.,"['mass-customization leader','broad signage/print presence','potential for large-scale protective film adoption']",Avery Brown,Chief Materials Engineer,avery.brown@cimpressplc.com,https://www.linkedin.com/in/avery-brown-5742
Muller Martini,PRINTING United Expo,9,0,5000,"Global manufacturer of print finishing systems for brochures, magazines, and books[2].",['Print finishing'],Maybe,Muller Martini focuses on book and magazine finishing rather than large-format signage. Protective films may be less relevant but could be explored for specialty finishing solutions or protective covers.,"Less direct signage overlap, but advanced finishing processes might still see synergy with specialty films.","['industrial print finishing','more print publishing focus','potential niche synergy']",Taylor Smith,VP of Sales,taylor.smith@mullermartini.com,https://www.linkedin.com/in/taylor-smith-3816
Muller Martini,PRINTING United Expo,9,0,5000,"Global manufacturer of print finishing systems for brochures, magazines, and books[2].",['Print finishing'],Maybe,Muller Martini focuses on book and magazine finishing rather than large-format signage. Protective films may be less relevant but could be explored for specialty finishing solutions or protective covers.,"Less direct signage overlap, but advanced finishing processes might still see synergy with specialty films.","['industrial print finishing','more print publishing focus','potential niche synergy']",Alex Green,Procurement Director,alex.green@mullermartini.com,https://www.linkedin.com/in/alex-green-6787
Muller Martini,PRINTING United Expo,9,0,5000,"Global manufacturer of print finishing systems for brochures, magazines, and books[2].",['Print finishing'],Maybe,Muller Martini focuses on book and magazine finishing rather than large-format signage. Protective films may be less relevant but could be explored for specialty finishing solutions or protective covers.,"Less direct signage overlap, but advanced finishing processes might still see synergy with specialty films.","['industrial print finishing','more print publishing focus','potential niche synergy']",Avery Green,Procurement Director,avery.green@mullermartini.com,https://www.linkedin.com/in/avery-green-9096
Muller Martini,PRINTING United Expo,9,0,5000,"Global manufacturer of print finishing systems for brochures, magazines, and books[2].",['Print finishing'],Maybe,Muller Martini focuses on book and magazine finishing rather than large-format signage. Protective films may be less relevant but could be explored for specialty finishing solutions or protective covers.,"Less direct signage overlap, but advanced finishing processes might still see synergy with specialty films.","['industrial print finishing','more print publishing focus','potential niche synergy']",Alex Wilson,Chief Materials Engineer,alex.wilson@mullermartini.com,https://www.linkedin.com/in/alex-wilson-2894
Air and Water Systems,PRINTING United Expo,9,0,0,"Solutions for industrial printing environments (HVAC, humidity control, etc.)[2].",[],Maybe,"Primarily addresses environmental controls in industrial print plants, less direct synergy with protective films. Could be relevant if climate conditions affect film application processes.",Minor connection; protective films might require stable environments for lamination or curing.,"['industrial HVAC focus','potentially relevant for print facility climates','less direct signage synergy']",Riley Smith,Senior Product Manager,riley.smith@airandwatersystems.com,https://www.linkedin.com/in/riley-smith-7222
Air and Water Systems,PRINTING United Expo,9,0,0,"Solutions for industrial printing environments (HVAC, humidity control, etc.)[2].",[],Maybe,"Primarily addresses environmental controls in industrial print plants, less direct synergy with protective films. Could be relevant if climate conditions affect film application processes.",Minor connection; protective films might require stable environments for lamination or curing.,"['industrial HVAC focus','potentially relevant for print facility climates','less direct signage synergy']",Avery Brown,Chief Materials Engineer,avery.brown@airandwatersystems.com,https://www.linkedin.com/in/avery-brown-9717
Air and Water Systems,PRINTING United Expo,9,0,0,"Solutions for industrial printing environments (HVAC, humidity control, etc.)[2].",[],Maybe,"Primarily addresses environmental controls in industrial print plants, less direct synergy with protective films. Could be relevant if climate conditions affect film application processes.",Minor connection; protective films might require stable environments for lamination or curing.,"['industrial HVAC focus','potentially relevant for print facility climates','less direct signage synergy']",Casey Wilson,Head of R&D,casey.wilson@airandwatersystems.com,https://www.linkedin.com/in/casey-wilson-7245
SinaLite,PRINTING United Expo,9,0,200,"B2B wholesale print service provider for trade customers, offering a wide array of print products[2].",['Wholesale printing'],Yes,"SinaLite’s wide product range for resellers and trade printers could include or upsell protective film finishes. They cater to signage, large format, and more.",Strong distribution channel for protective film add-ons to final printed pieces.,"['large array of wholesale printing','potential for bundling protective coatings','PRINTING United Expo exhibitor']",Harper Davis,Marketing Lead,harper.davis@sinalite.com,https://www.linkedin.com/in/harper-davis-3808
SinaLite,PRINTING United Expo,9,0,200,"B2B wholesale print service provider for trade customers, offering a wide array of print products[2].",['Wholesale printing'],Yes,"SinaLite’s wide product range for resellers and trade printers could include or upsell protective film finishes. They cater to signage, large format, and more.",Strong distribution channel for protective film add-ons to final printed pieces.,"['large array of wholesale printing','potential for bundling protective coatings','PRINTING United Expo exhibitor']",Alex Green,Chief Materials Engineer,alex.green@sinalite.com,https://www.linkedin.com/in/alex-green-4809
SinaLite,PRINTING United Expo,9,0,200,"B2B wholesale print service provider for trade customers, offering a wide array of print products[2].",['Wholesale printing'],Yes,"SinaLite’s wide product range for resellers and trade printers could include or upsell protective film finishes. They cater to signage, large format, and more.",Strong distribution channel for protective film add-ons to final printed pieces.,"['large array of wholesale printing','potential for bundling protective coatings','PRINTING United Expo exhibitor']",Avery Green,Sales Manager,avery.green@sinalite.com,https://www.linkedin.com/in/avery-green-6663
SinaLite,PRINTING United Expo,9,0,200,"B2B wholesale print service provider for trade customers, offering a wide array of print products[2].",['Wholesale printing'],Yes,"SinaLite’s wide product range for resellers and trade printers could include or upsell protective film finishes. They cater to signage, large format, and more.",Strong distribution channel for protective film add-ons to final printed pieces.,"['large array of wholesale printing','potential for bundling protective coatings','PRINTING United Expo exhibitor']",Dana Lee,Director of Innovation,dana.lee@sinalite.com,https://www.linkedin.com/in/dana-lee-4517
SinaLite,PRINTING United Expo,9,0,200,"B2B wholesale print service provider for trade customers, offering a wide array of print products[2].",['Wholesale printing'],Yes,"SinaLite’s wide product range for resellers and trade printers could include or upsell protective film finishes. They cater to signage, large format, and more.",Strong distribution channel for protective film add-ons to final printed pieces.,"['large array of wholesale printing','potential for bundling protective coatings','PRINTING United Expo exhibitor']",Riley Green,Director of Innovation,riley.green@sinalite.com,https://www.linkedin.com/in/riley-green-4287
Scodix,PRINTING United Expo,9,32140000,200,"Digital print enhancement solutions (embossing, foil, spot, etc.)[2].",['Digital embellishment'],Yes,"Scodix focuses on high-value embellishments for printed media. Protective films could expand their premium finishing offerings, especially for signage or specialty applications.",Premium finish solutions align with protective overlays for enhanced durability and aesthetics.,"['premium digital enhancement','synergy with protective layering','PRINTING United Expo participant']",no relevant person found,,,
Soyang Europe,Sign & Digital UK 2025,9,0,50,"Supplier of digitally printable media, including wide-format and superwide outdoor, retail POS, and signage sectors[2].","['Printable textiles','Banner materials']",Yes,"Soyang Europe's broad range of printable substrates for large-format graphics could pair well with protective films to ensure weather-resistant, long-lasting applications.",Likely synergy for protecting large-format textile or banner prints in outdoor conditions.,"['leading supplier of wide-format media','focus on signage & outdoor durability','potential protective overlay partner']",Dana Garcia,VP of Sales,dana.garcia@soyangeurope.com,https://www.linkedin.com/in/dana-garcia-9840
Soyang Europe,Sign & Digital UK 2025,9,0,50,"Supplier of digitally printable media, including wide-format and superwide outdoor, retail POS, and signage sectors[2].","['Printable textiles','Banner materials']",Yes,"Soyang Europe's broad range of printable substrates for large-format graphics could pair well with protective films to ensure weather-resistant, long-lasting applications.",Likely synergy for protecting large-format textile or banner prints in outdoor conditions.,"['leading supplier of wide-format media','focus on signage & outdoor durability','potential protective overlay partner']",Morgan Garcia,Sales Manager,morgan.garcia@soyangeurope.com,https://www.linkedin.com/in/morgan-garcia-2820
Soyang Europe,Sign & Digital UK 2025,9,0,50,"Supplier of digitally printable media, including wide-format and superwide outdoor, retail POS, and signage sectors[2].","['Printable textiles','Banner materials']",Yes,"Soyang Europe's broad range of printable substrates for large-format graphics could pair well with protective films to ensure weather-resistant, long-lasting applications.",Likely synergy for protecting large-format textile or banner prints in outdoor conditions.,"['leading supplier of wide-format media','focus on signage & outdoor durability','potential protective overlay partner']",Riley Clark,Chief Materials Engineer,riley.clark@soyangeurope.com,https://www.linkedin.com/in/riley-clark-4498
Soyang Europe,Sign & Digital UK 2025,9,0,50,"Supplier of digitally printable media, including wide-format and superwide outdoor, retail POS, and signage sectors[2].","['Printable textiles','Banner materials']",Yes,"Soyang Europe's broad range of printable substrates for large-format graphics could pair well with protective films to ensure weather-resistant, long-lasting applications.",Likely synergy for protecting large-format textile or banner prints in outdoor conditions.,"['leading supplier of wide-format media','focus on signage & outdoor durability','potential protective overlay partner']",Jordan Davis,Sales Manager,jordan.davis@soyangeurope.com,https://www.linkedin.com/in/jordan-davis-1703
Vivid Laminating Technologies,Sign & Digital UK 2025,9,775586000,50,"Designers and manufacturers of laminating machines/films, serving wide-format and digital printing industries[2].",['Laminating equipment'],Yes,Vivid provides lamination systems—protective films are a natural complement to their offerings. They can expand finishing solutions to include high-performance protective overlaminates.,Close alignment with protective film solutions for advanced finishing and durability.,"['leading lamination systems','natural adjacency to protective overlays','serves wide-format print sector']",Alex Davis,VP of Sales,alex.davis@vividlaminatingtechnologies.com,https://www.linkedin.com/in/alex-davis-2467
Vivid Laminating Technologies,Sign & Digital UK 2025,9,775586000,50,"Designers and manufacturers of laminating machines/films, serving wide-format and digital printing industries[2].",['Laminating equipment'],Yes,Vivid provides lamination systems—protective films are a natural complement to their offerings. They can expand finishing solutions to include high-performance protective overlaminates.,Close alignment with protective film solutions for advanced finishing and durability.,"['leading lamination systems','natural adjacency to protective overlays','serves wide-format print sector']",Alex Wilson,Procurement Director,alex.wilson@vividlaminatingtechnologies.com,https://www.linkedin.com/in/alex-wilson-2887
Vivid Laminating Technologies,Sign & Digital UK 2025,9,775586000,50,"Designers and manufacturers of laminating machines/films, serving wide-format and digital printing industries[2].",['Laminating equipment'],Yes,Vivid provides lamination systems—protective films are a natural complement to their offerings. They can expand finishing solutions to include high-performance protective overlaminates.,Close alignment with protective film solutions for advanced finishing and durability.,"['leading lamination systems','natural adjacency to protective overlays','serves wide-format print sector']",Jordan Wilson,Procurement Director,jordan.wilson@vividlaminatingtechnologies.com,https://www.linkedin.com/in/jordan-wilson-4158
Vivid Laminating Technologies,Sign & Digital UK 2025,9,775586000,50,"Designers and manufacturers of laminating machines/films, serving wide-format and digital printing industries[2].",['Laminating equipment'],Yes,Vivid provides lamination systems—protective films are a natural complement to their offerings. They can expand finishing solutions to include high-performance protective overlaminates.,Close alignment with protective film solutions for advanced finishing and durability.,"['leading lamination systems','natural adjacency to protective overlays','serves wide-format print sector']",Dana Davis,Director of Innovation,dana.davis@vividlaminatingtechnologies.com,https://www.linkedin.com/in/dana-davis-8550
SwissQprint,Sign & Digital UK 2025,9,0,200,Switzerland-based manufacturer of large-format printers[2].,['Large-format printers'],Yes,"SwissQprint’s high-end printers are commonly used for signage. Protective films can enhance output durability, color longevity, and scratch resistance.",Possible collaboration for integrated solutions with UV or protective film applications post-print.,"['high-quality printer manufacturer','large-format signage focus','protective finishing synergy']",Morgan Jones,Senior Product Manager,morgan.jones@swissqprint.com,https://www.linkedin.com/in/morgan-jones-4183
Hybrid Services,Sign & Digital UK 2025,9,0,50,Provides business and IT solutions; possibly rebranded or separate from direct signage manufacturing[2].,[],Maybe,Hybrid’s profile suggests IT and marketing solutions rather than direct signage production. Protective film synergy is unclear but might exist if they handle or distribute print tech solutions.,Uncertain direct signage correlation; potential if they support wide-format or large-scale printing solutions.,"['IT services with possible print angle','needs more clarity on signage focus','less direct synergy']",Taylor Garcia,Head of R&D,taylor.garcia@hybridservices.com,https://www.linkedin.com/in/taylor-garcia-1694
Hybrid Services,Sign & Digital UK 2025,9,0,50,Provides business and IT solutions; possibly rebranded or separate from direct signage manufacturing[2].,[],Maybe,Hybrid’s profile suggests IT and marketing solutions rather than direct signage production. Protective film synergy is unclear but might exist if they handle or distribute print tech solutions.,Uncertain direct signage correlation; potential if they support wide-format or large-scale printing solutions.,"['IT services with possible print angle','needs more clarity on signage focus','less direct synergy']",Morgan Clark,Procurement Director,morgan.clark@hybridservices.com,https://www.linkedin.com/in/morgan-clark-7502
Hybrid Services,Sign & Digital UK 2025,9,0,50,Provides business and IT solutions; possibly rebranded or separate from direct signage manufacturing[2].,[],Maybe,Hybrid’s profile suggests IT and marketing solutions rather than direct signage production. Protective film synergy is unclear but might exist if they handle or distribute print tech solutions.,Uncertain direct signage correlation; potential if they support wide-format or large-scale printing solutions.,"['IT services with possible print angle','needs more clarity on signage focus','less direct synergy']",Avery Green,Sales Manager,avery.green@hybridservices.com,https://www.linkedin.com/in/avery-green-9393
Hybrid Services,Sign & Digital UK 2025,9,0,50,Provides business and IT solutions; possibly rebranded or separate from direct signage manufacturing[2].,[],Maybe,Hybrid’s profile suggests IT and marketing solutions rather than direct signage production. Protective film synergy is unclear but might exist if they handle or distribute print tech solutions.,Uncertain direct signage correlation; potential if they support wide-format or large-scale printing solutions.,"['IT services with possible print angle','needs more clarity on signage focus','less direct synergy']",Dana Clark,VP of Sales,dana.clark@hybridservices.com,https://www.linkedin.com/in/dana-clark-2594
Hybrid Services,Sign & Digital UK 2025,9,0,50,Provides business and IT solutions; possibly rebranded or separate from direct signage manufacturing[2].,[],Maybe,Hybrid’s profile suggests IT and marketing solutions rather than direct signage production. Protective film synergy is unclear but might exist if they handle or distribute print tech solutions.,Uncertain direct signage correlation; potential if they support wide-format or large-scale printing solutions.,"['IT services with possible print angle','needs more clarity on signage focus','less direct synergy']",Riley Miller,Procurement Director,riley.miller@hybridservices.com,https://www.linkedin.com/in/riley-miller-1587
Roland DG,Sign & Digital UK 2025,9,0,5000,"Global provider of inkjet printers, cutters, and 3D digital fabrication tools for signage, vehicle wraps, and more[2].","['Printers','Cutters','3D tools']",Yes,"Roland DG is a major force in wide-format printing. Protective films perfectly complement their output, enhancing durability and scratch/UV resistance, especially in outdoor wraps and signage.",Strategic synergy for integrated solutions in printing and finishing workflows.,"['leading wide-format printing brand','longstanding signage solutions','natural synergy with protective overlay']",Casey Green,Head of R&D,casey.green@rolanddg.com,https://www.linkedin.com/in/casey-green-2354
Roland DG,Sign & Digital UK 2025,9,0,5000,"Global provider of inkjet printers, cutters, and 3D digital fabrication tools for signage, vehicle wraps, and more[2].","['Printers','Cutters','3D tools']",Yes,"Roland DG is a major force in wide-format printing. Protective films perfectly complement their output, enhancing durability and scratch/UV resistance, especially in outdoor wraps and signage.",Strategic synergy for integrated solutions in printing and finishing workflows.,"['leading wide-format printing brand','longstanding signage solutions','natural synergy with protective overlay']",Casey Miller,Head of R&D,casey.miller@rolanddg.com,https://www.linkedin.com/in/casey-miller-4829
Roland DG,Sign & Digital UK 2025,9,0,5000,"Global provider of inkjet printers, cutters, and 3D digital fabrication tools for signage, vehicle wraps, and more[2].","['Printers','Cutters','3D tools']",Yes,"Roland DG is a major force in wide-format printing. Protective films perfectly complement their output, enhancing durability and scratch/UV resistance, especially in outdoor wraps and signage.",Strategic synergy for integrated solutions in printing and finishing workflows.,"['leading wide-format printing brand','longstanding signage solutions','natural synergy with protective overlay']",Alex Jones,Head of R&D,alex.jones@rolanddg.com,https://www.linkedin.com/in/alex-jones-8247
Roland DG,Sign & Digital UK 2025,9,0,5000,"Global provider of inkjet printers, cutters, and 3D digital fabrication tools for signage, vehicle wraps, and more[2].","['Printers','Cutters','3D tools']",Yes,"Roland DG is a major force in wide-format printing. Protective films perfectly complement their output, enhancing durability and scratch/UV resistance, especially in outdoor wraps and signage.",Strategic synergy for integrated solutions in printing and finishing workflows.,"['leading wide-format printing brand','longstanding signage solutions','natural synergy with protective overlay']",Riley Miller,VP of Sales,riley.miller@rolanddg.com,https://www.linkedin.com/in/riley-miller-1083
Everylite,ISA Sign Expo 2025,9,0,50,Crafts LED solutions for various signage applications[2].,['LED signage'],Yes,"Everylite focuses on LED lighting for signage. While primarily lighting, protective films can preserve signage surfaces, especially in illuminated outdoor setups.",Potential synergy for combined LED + protective solutions ensuring longevity and clarity.,"['LED signage expertise','potential protective synergy','active at ISA Sign Expo']",no relevant person found,,,
